_ID;Project ;Payment Done;Amount
436383847;;No;13 320
436407187;;No;13 320
436439148;UKR-000298;Yes;13 320
436442404;UKR-000298;Yes;6 660
436448587;UKR-000298;Yes;6 660
436454375;UKR-000298;Yes;13 320
436464939;UKR-000298;Yes;26 640
436465594;UKR-000298;Yes;6 660
436467566;UKR-000298;Yes;33 300
436471072;UKR-000298;Yes;39 960
436475180;UKR-000298;Yes;26 640
436475715;UKR-000298;Yes;26 640
436480409;UKR-000298;Yes;13 320
436480469;UKR-000298;Yes;13 320
436480660;;No;0
436481761;UKR-000298;Yes;6 660
436482901;;No;6 660
436484298;UKR-000298;Yes;6 660
436485026;UKR-000298;Yes;19 980
436486059;UKR-000298;Yes;26 640
436487226;UKR-000298;Yes;19 980
436487280;UKR-000298;Yes;19 980
436487373;UKR-000298;Yes;6 660
436488434;UKR-000298;Yes;13 320
436489409;UKR-000298;Yes;6 660
436489546;UKR-000298;Yes;6 660
436489675;UKR-000298;Yes;19 980
436490021;UKR-000298;Yes;13 320
436490834;UKR-000298;Yes;6 660
436491120;UKR-000298;Yes;6 660
436494041;UKR-000298;Yes;6 660
436496545;UKR-000298;Yes;13 320
436499375;UKR-000298;Yes;6 660
436500431;UKR-000298;Yes;6 660
436509735;UKR-000298;Yes;13 320
436545655;UKR-000298;Yes;6 660
436551397;UKR-000298;Yes;39 960
436752349;UKR-000298;Yes;6 660
436752389;UKR-000298;Yes;6 660
436752459;UKR-000298;Yes;6 660
436752724;UKR-000298;Yes;13 320
436753050;UKR-000298;Yes;26 640
436753358;UKR-000298;Yes;6 660
436753377;UKR-000298;Yes;6 660
436753512;UKR-000298;Yes;6 660
436754417;UKR-000298;Yes;13 320
436754428;UKR-000298;Yes;33 300
436754496;UKR-000298;Yes;13 320
436754849;UKR-000298;Yes;19 980
436755338;UKR-000298;Yes;6 660
436755840;UKR-000298;Yes;13 320
436755895;UKR-000298;Yes;13 320
436756170;UKR-000298;Yes;19 980
436756313;UKR-000298;Yes;6 660
436756630;UKR-000298;Yes;19 980
436756765;UKR-000298;Yes;6 660
436756980;UKR-000298;Yes;6 660
436757053;UKR-000298;Yes;13 320
436757343;UKR-000298;Yes;6 660
436758001;;No;0
436758868;UKR-000298;Yes;13 320
436759091;UKR-000298;Yes;13 320
436759159;UKR-000298;Yes;26 640
436759823;UKR-000298;Yes;13 320
436760232;UKR-000298;Yes;6 660
436760744;UKR-000298;Yes;13 320
436760783;UKR-000298;Yes;13 320
436760857;UKR-000298;Yes;13 320
436764195;UKR-000298;Yes;19 980
436766391;UKR-000298;Yes;19 980
436768259;UKR-000298;Yes;6 660
436768791;UKR-000298;Yes;6 660
436769853;UKR-000298;Yes;19 980
436770901;UKR-000298;Yes;13 320
436770905;UKR-000298;Yes;33 300
436774016;UKR-000298;Yes;19 980
436775330;UKR-000298;Yes;6 660
436775464;UKR-000298;Yes;13 320
436779269;UKR-000298;Yes;13 320
436780267;;No;6 660
436782473;UKR-000298;Yes;13 320
436784129;UKR-000298;Yes;6 660
436788595;UKR-000298;Yes;13 320
436790353;UKR-000298;Yes;6 660
436791041;;No;6 660
436791874;;No;6 660
436792435;UKR-000298;Yes;13 320
436793852;UKR-000298;Yes;19 980
436793901;UKR-000298;Yes;19 980
436794330;UKR-000298;Yes;13 320
436794404;UKR-000298;Yes;19 980
436795463;UKR-000298;Yes;13 320
436799943;UKR-000298;Yes;6 660
436800648;UKR-000298;Yes;6 660
436802595;UKR-000298;Yes;19 980
436804268;UKR-000298;Yes;26 640
436806249;UKR-000298;Yes;19 980
436809422;UKR-000298;Yes;13 320
436810019;UKR-000298;Yes;6 660
436814993;UKR-000298;Yes;6 660
436818557;UKR-000298;Yes;19 980
436823167;UKR-000298;Yes;19 980
436825206;UKR-000298;Yes;13 320
436827818;UKR-000298;Yes;19 980
436830711;UKR-000298;Yes;6 660
436893823;UKR-000298;Yes;6 660
436899878;UKR-000298;Yes;19 980
436903394;UKR-000298;Yes;19 980
436910716;UKR-000298;Yes;6 660
436911955;UKR-000298;Yes;6 660
436912830;UKR-000298;Yes;6 660
436914620;UKR-000298;Yes;6 660
436914925;UKR-000298;Yes;13 320
436916221;UKR-000298;Yes;13 320
436916730;UKR-000298;Yes;6 660
436918370;UKR-000298;Yes;19 980
436919993;UKR-000298;Yes;6 660
436920867;UKR-000298;Yes;6 660
436922237;UKR-000298;Yes;13 320
436943527;UKR-000298;Yes;6 660
436944654;UKR-000298;Yes;19 980
436946835;UKR-000298;Yes;19 980
437180990;UKR-000298;Yes;6 660
437182507;UKR-000298;Yes;6 660
437182610;UKR-000298;Yes;6 660
437184114;UKR-000298;Yes;6 660
437184976;UKR-000298;Yes;6 660
437185353;UKR-000298;Yes;6 660
437186843;UKR-000298;Yes;6 660
437186853;UKR-000298;Yes;6 660
437188015;UKR-000298;Yes;6 660
437188809;UKR-000298;Yes;6 660
437189293;UKR-000298;Yes;6 660
437191025;UKR-000298;Yes;26 640
437191394;UKR-000298;Yes;13 320
437191801;UKR-000298;Yes;6 660
437192148;UKR-000298;Yes;13 320
437193169;UKR-000298;Yes;19 980
437193529;UKR-000298;Yes;6 660
437194198;UKR-000298;Yes;13 320
437196213;UKR-000298;Yes;13 320
437201455;UKR-000298;Yes;33 300
437204787;UKR-000298;Yes;6 660
437205311;UKR-000298;Yes;13 320
437207607;UKR-000298;Yes;19 980
437208291;UKR-000298;Yes;13 320
437209554;UKR-000298;Yes;19 980
437214051;;No;6 660
437214189;UKR-000298;Yes;26 640
437217932;UKR-000298;Yes;13 320
437223480;UKR-000298;Yes;6 660
437227094;UKR-000298;Yes;6 660
437227217;UKR-000298;Yes;6 660
437229446;;No;33 300
437230031;UKR-000298;Yes;13 320
437231925;UKR-000298;Yes;13 320
437234186;UKR-000298;Yes;6 660
437234619;UKR-000298;Yes;6 660
437235605;UKR-000298;Yes;6 660
437236077;UKR-000298;Yes;6 660
437236755;UKR-000298;Yes;6 660
437240303;;No;6 660
437240762;UKR-000298;Yes;6 660
437242204;UKR-000298;Yes;13 320
437243257;UKR-000298;Yes;13 320
437243938;UKR-000298;Yes;13 320
437246946;UKR-000298;Yes;6 660
437249096;UKR-000298;Yes;13 320
437250105;UKR-000298;Yes;19 980
437251134;UKR-000298;Yes;6 660
437252624;UKR-000298;Yes;19 980
437263434;UKR-000298;Yes;13 320
437267451;;No;19 980
437272276;UKR-000298;Yes;13 320
437272915;UKR-000298;Yes;26 640
437275944;UKR-000298;Yes;26 640
437276030;UKR-000298;Yes;26 640
437278178;UKR-000298;Yes;6 660
437279487;UKR-000298;Yes;6 660
437280663;UKR-000298;Yes;6 660
437281747;UKR-000298;Yes;19 980
437285063;UKR-000298;Yes;13 320
437291616;UKR-000298;Yes;13 320
437292906;UKR-000298;Yes;13 320
437295821;UKR-000298;Yes;19 980
437296012;UKR-000298;Yes;6 660
437297055;UKR-000298;Yes;26 640
437298861;UKR-000298;Yes;6 660
437301102;UKR-000298;Yes;19 980
437308236;UKR-000298;Yes;19 980
437309164;UKR-000298;Yes;6 660
437309580;UKR-000298;Yes;6 660
437310664;UKR-000298;Yes;19 980
437312355;UKR-000298;Yes;6 660
437314258;UKR-000298;Yes;13 320
437314335;UKR-000298;Yes;6 660
437315138;UKR-000298;Yes;13 320
437316194;UKR-000298;Yes;6 660
437316248;UKR-000298;Yes;13 320
437318646;UKR-000298;Yes;6 660
437318796;UKR-000298;Yes;13 320
437320804;UKR-000298;Yes;19 980
437328124;UKR-000298;Yes;6 660
437329366;UKR-000298;Yes;13 320
437329494;UKR-000298;Yes;33 300
437367417;UKR-000298;Yes;6 660
437588758;UKR-000298;Yes;13 320
437589514;;No;13 320
437589965;UKR-000298;Yes;6 660
437590462;UKR-000298;Yes;33 300
437590517;UKR-000298;Yes;6 660
437591120;UKR-000298;Yes;6 660
437591384;UKR-000298;Yes;6 660
437592024;UKR-000298;Yes;13 320
437592347;UKR-000298;Yes;19 980
437592801;UKR-000298;Yes;13 320
437593235;UKR-000298;Yes;6 660
437593615;;No;13 320
437594043;;No;13 320
437594809;UKR-000298;Yes;19 980
437595013;UKR-000298;Yes;13 320
437595139;UKR-000298;Yes;19 980
437595156;;No;13 320
437595944;UKR-000298;Yes;6 660
437596368;UKR-000298;Yes;6 660
437596385;UKR-000298;Yes;19 980
437596578;UKR-000298;Yes;13 320
437596689;UKR-000298;Yes;19 980
437597326;UKR-000298;Yes;19 980
437598283;UKR-000298;Yes;6 660
437598464;;No;13 320
437598791;UKR-000298;Yes;33 300
437598882;;No;6 660
437599163;;No;13 320
437599349;UKR-000298;Yes;6 660
437601450;UKR-000298;Yes;6 660
437601552;UKR-000298;Yes;13 320
437601631;UKR-000298;Yes;13 320
437602104;;No;0
437603143;UKR-000298;Yes;6 660
437603371;UKR-000298;Yes;13 320
437603499;UKR-000270;Yes;6 660
437603602;UKR-000298;Yes;13 320
437603785;UKR-000270;Yes;26 640
437603926;UKR-000298;Yes;13 320
437604119;UKR-000270;Yes;19 980
437604149;UKR-000298;Yes;6 660
437604965;UKR-000298;Yes;13 320
437605204;UKR-000270;Yes;13 320
437605267;UKR-000298;Yes;13 320
437605489;UKR-000298;Yes;13 320
437606591;UKR-000298;Yes;19 980
437606607;UKR-000298;Yes;13 320
437607797;UKR-000298;Yes;33 300
437607958;UKR-000270;Yes;6 660
437608056;UKR-000270;Yes;13 320
437608080;;No;6 660
437609164;UKR-000298;Yes;13 320
437609448;UKR-000298;Yes;13 320
437609609;UKR-000298;Yes;6 660
437609747;UKR-000298;Yes;6 660
437610156;UKR-000298;Yes;13 320
437610309;UKR-000298;Yes;6 660
437610347;UKR-000270;Yes;19 980
437610660;UKR-000298;Yes;13 320
437610841;UKR-000298;Yes;13 320
437611102;UKR-000270;Yes;6 660
437611155;UKR-000298;Yes;6 660
437612092;UKR-000298;Yes;19 980
437612266;UKR-000298;Yes;6 660
437612388;UKR-000298;Yes;6 660
437612551;UKR-000270;Yes;26 640
437612573;UKR-000270;Yes;19 980
437612652;UKR-000298;Yes;33 300
437612725;UKR-000298;Yes;6 660
437612770;UKR-000298;Yes;6 660
437613333;UKR-000298;Yes;6 660
437613413;UKR-000298;Yes;13 320
437613847;UKR-000270;Yes;6 660
437614157;;No;26 640
437614217;;No;13 320
437614477;UKR-000298;Yes;13 320
437614791;UKR-000298;Yes;26 640
437614964;UKR-000298;Yes;26 640
437615330;UKR-000298;Yes;19 980
437615432;UKR-000270;Yes;6 660
437615487;UKR-000298;Yes;6 660
437615529;UKR-000298;Yes;13 320
437615771;UKR-000298;Yes;6 660
437615773;UKR-000270;Yes;39 960
437615900;UKR-000298;Yes;33 300
437615910;UKR-000298;Yes;19 980
437616056;;No;6 660
437616345;;No;19 980
437616413;UKR-000298;Yes;6 660
437616818;UKR-000298;Yes;6 660
437617060;UKR-000270;Yes;26 640
437617456;;No;13 320
437617723;;No;19 980
437617923;;No;6 660
437618043;UKR-000298;Yes;19 980
437618415;UKR-000270;Yes;26 640
437618535;UKR-000298;Yes;39 960
437618626;UKR-000298;Yes;13 320
437618824;UKR-000298;Yes;19 980
437618823;;No;6 660
437619172;UKR-000298;Yes;13 320
437619822;;No;0
437619935;;No;6 660
437620393;;No;33 300
437620497;UKR-000298;Yes;6 660
437620505;UKR-000298;Yes;13 320
437620845;;No;39 960
437620977;;No;19 980
437621091;UKR-000298;Yes;6 660
437621904;;No;19 980
437622268;;No;13 320
437622557;UKR-000270;Yes;6 660
437623011;;No;6 660
437623360;UKR-000298;Yes;6 660
437623383;UKR-000298;Yes;6 660
437623602;UKR-000298;Yes;19 980
437623650;;No;19 980
437623849;;No;33 300
437624144;UKR-000298;Yes;46 620
437624245;UKR-000298;Yes;13 320
437624350;;No;13 320
437624702;;No;13 320
437625042;UKR-000298;Yes;13 320
437625192;UKR-000298;Yes;6 660
437625291;;No;6 660
437625608;UKR-000298;Yes;19 980
437625622;UKR-000270;Yes;13 320
437625871;UKR-000298;Yes;33 300
437626241;UKR-000298;Yes;19 980
437626289;UKR-000298;Yes;19 980
437626332;;No;26 640
437626497;UKR-000270;Yes;19 980
437626747;;No;13 320
437626821;UKR-000298;Yes;6 660
437626832;;No;6 660
437627051;UKR-000298;Yes;19 980
437627301;UKR-000270;Yes;6 660
437627388;UKR-000298;Yes;13 320
437628102;;No;26 640
437628260;;No;13 320
437628304;UKR-000270;Yes;6 660
437628549;UKR-000298;Yes;13 320
437628569;;No;13 320
437628903;UKR-000298;Yes;13 320
437629612;UKR-000270;Yes;6 660
437630354;UKR-000298;Yes;26 640
437630515;;No;13 320
437630546;;No;6 660
437631373;UKR-000270;Yes;26 640
437631450;UKR-000298;Yes;19 980
437632276;;No;13 320
437632301;UKR-000270;Yes;13 320
437632413;;No;13 320
437632417;;No;33 300
437632453;;No;13 320
437633037;;No;13 320
437633278;UKR-000298;Yes;19 980
437634144;;No;33 300
437634503;;No;6 660
437634676;UKR-000298;Yes;39 960
437635203;UKR-000298;Yes;13 320
437635242;UKR-000298;Yes;6 660
437635619;UKR-000298;Yes;13 320
437635768;;No;6 660
437636690;UKR-000298;Yes;19 980
437637025;UKR-000298;Yes;19 980
437637065;UKR-000298;Yes;6 660
437637117;;No;6 660
437637610;UKR-000298;Yes;26 640
437637867;UKR-000298;Yes;13 320
437637950;UKR-000298;Yes;39 960
437638047;UKR-000298;Yes;13 320
437638225;UKR-000298;Yes;19 980
437638273;UKR-000298;Yes;19 980
437639116;;No;0
437639495;UKR-000298;Yes;19 980
437639496;UKR-000298;Yes;6 660
437639545;UKR-000270;Yes;13 320
437639774;UKR-000270;Yes;6 660
437639956;UKR-000298;Yes;6 660
437640255;UKR-000298;Yes;19 980
437640613;UKR-000270;Yes;6 660
437641071;UKR-000298;Yes;33 300
437641248;UKR-000270;Yes;13 320
437641512;;No;13 320
437643546;UKR-000298;Yes;26 640
437654285;UKR-000298;Yes;6 660
437654588;UKR-000298;Yes;39 960
437654931;UKR-000270;Yes;13 320
437655528;UKR-000298;Yes;6 660
437655966;UKR-000270;Yes;6 660
437656368;UKR-000270;Yes;26 640
437656956;UKR-000298;Yes;6 660
437657636;UKR-000298;Yes;13 320
437658856;;No;6 660
437659713;UKR-000298;Yes;46 620
437660575;UKR-000298;Yes;13 320
437661583;UKR-000298;Yes;33 300
437662126;UKR-000298;Yes;26 640
437663552;UKR-000298;Yes;13 320
437663863;;No;26 640
437664300;UKR-000298;Yes;13 320
437666705;UKR-000270;Yes;13 320
437672644;UKR-000270;Yes;19 980
437674592;UKR-000270;Yes;26 640
437676935;UKR-000298;Yes;6 660
437677827;UKR-000270;Yes;13 320
437684021;UKR-000298;Yes;6 660
437684679;UKR-000298;Yes;13 320
437686152;UKR-000298;Yes;6 660
437687166;UKR-000298;Yes;33 300
437688317;UKR-000298;Yes;13 320
437688587;UKR-000298;Yes;6 660
437689769;UKR-000298;Yes;19 980
437689782;UKR-000298;Yes;13 320
437692747;UKR-000298;Yes;13 320
437697091;UKR-000298;Yes;6 660
437700353;UKR-000298;Yes;19 980
437702827;UKR-000298;Yes;6 660
437704616;UKR-000298;Yes;13 320
437706480;UKR-000298;Yes;6 660
437708492;UKR-000298;Yes;13 320
437710268;UKR-000298;Yes;13 320
437710681;UKR-000298;Yes;6 660
437712159;UKR-000298;Yes;19 980
437713717;UKR-000298;Yes;6 660
437715003;UKR-000298;Yes;6 660
437715622;UKR-000298;Yes;26 640
437716333;UKR-000298;Yes;6 660
437716420;UKR-000270;Yes;6 660
437716541;UKR-000298;Yes;6 660
437717452;UKR-000298;Yes;13 320
437718289;UKR-000270;Yes;13 320
437718711;UKR-000298;Yes;13 320
437719764;UKR-000298;Yes;6 660
437720338;UKR-000270;Yes;6 660
437720715;UKR-000298;Yes;6 660
437724586;UKR-000298;Yes;13 320
437732767;UKR-000270;Yes;6 660
437734210;UKR-000270;Yes;6 660
437739626;UKR-000270;Yes;19 980
437741310;UKR-000270;Yes;6 660
437744998;UKR-000270;Yes;13 320
437747846;UKR-000270;Yes;6 660
437750905;UKR-000270;Yes;6 660
437899373;UKR-000298;Yes;6 660
437899808;UKR-000298;Yes;6 660
437899988;UKR-000298;Yes;13 320
437900122;UKR-000298;Yes;19 980
437900349;UKR-000298;Yes;13 320
437900848;UKR-000298;Yes;33 300
437901132;UKR-000298;Yes;6 660
437901420;UKR-000298;Yes;6 660
437901558;UKR-000298;Yes;33 300
437902008;UKR-000298;Yes;13 320
437902283;UKR-000298;Yes;13 320
437902384;UKR-000298;Yes;6 660
437902565;UKR-000298;Yes;19 980
437902677;UKR-000298;Yes;6 660
437902971;UKR-000270;Yes;26 640
437903556;UKR-000298;Yes;6 660
437903706;UKR-000298;Yes;13 320
437904454;UKR-000298;Yes;13 320
437904596;UKR-000270;Yes;13 320
437904906;UKR-000298;Yes;13 320
437905329;UKR-000298;Yes;13 320
437905366;UKR-000270;Yes;26 640
437905679;UKR-000298;Yes;6 660
437905755;UKR-000298;Yes;6 660
437905973;UKR-000270;Yes;13 320
437906079;UKR-000298;Yes;6 660
437906252;UKR-000298;Yes;19 980
437906305;UKR-000298;Yes;33 300
437906925;UKR-000298;Yes;13 320
437907087;UKR-000298;Yes;26 640
437907196;UKR-000270;Yes;19 980
437907589;UKR-000298;Yes;6 660
437907770;UKR-000298;Yes;26 640
437907925;UKR-000298;Yes;6 660
437908324;UKR-000298;Yes;6 660
437908727;UKR-000298;Yes;13 320
437908847;UKR-000298;Yes;19 980
437909351;UKR-000298;Yes;6 660
437909361;UKR-000270;Yes;13 320
437909367;UKR-000298;Yes;6 660
437909681;UKR-000298;Yes;6 660
437909736;UKR-000298;Yes;13 320
437910105;UKR-000298;Yes;13 320
437910162;UKR-000298;Yes;19 980
437910285;UKR-000270;Yes;19 980
437910436;UKR-000298;Yes;19 980
437910671;UKR-000298;Yes;26 640
437910776;UKR-000298;Yes;19 980
437910778;UKR-000270;Yes;13 320
437910864;UKR-000298;Yes;6 660
437911211;UKR-000298;Yes;6 660
437911296;UKR-000270;Yes;6 660
437911299;UKR-000298;Yes;6 660
437911561;UKR-000298;Yes;19 980
437911861;UKR-000270;Yes;26 640
437911889;UKR-000298;Yes;13 320
437911947;UKR-000298;Yes;13 320
437912087;UKR-000298;Yes;6 660
437912472;UKR-000298;Yes;19 980
437912592;UKR-000270;Yes;13 320
437912664;UKR-000298;Yes;6 660
437912735;UKR-000298;Yes;13 320
437913322;UKR-000298;Yes;19 980
437913549;UKR-000298;Yes;6 660
437913764;UKR-000298;Yes;19 980
437913924;UKR-000270;Yes;19 980
437915172;UKR-000270;Yes;26 640
437916541;UKR-000298;Yes;6 660
437916606;UKR-000270;Yes;13 320
437916609;UKR-000298;Yes;13 320
437916698;UKR-000298;Yes;19 980
437917148;UKR-000270;Yes;6 660
437917499;UKR-000298;Yes;19 980
437918141;UKR-000270;Yes;26 640
437918615;UKR-000270;Yes;6 660
437918707;UKR-000298;Yes;13 320
437919204;UKR-000270;Yes;6 660
437919569;UKR-000298;Yes;13 320
437920015;UKR-000270;Yes;26 640
437920253;UKR-000298;Yes;6 660
437920686;UKR-000298;Yes;6 660
437921314;UKR-000270;Yes;13 320
437921408;UKR-000298;Yes;26 640
437921628;UKR-000298;Yes;19 980
437921977;UKR-000298;Yes;19 980
437922112;;No;6 660
437922301;;No;26 640
437922338;UKR-000298;Yes;6 660
437922886;UKR-000270;Yes;26 640
437923433;UKR-000270;Yes;6 660
437923462;UKR-000270;Yes;13 320
437923500;UKR-000270;Yes;6 660
437923517;UKR-000298;Yes;26 640
437923532;UKR-000270;Yes;6 660
437923564;UKR-000270;Yes;6 660
437923583;UKR-000270;Yes;6 660
437923614;UKR-000270;Yes;19 980
437923638;UKR-000270;Yes;6 660
437923663;UKR-000270;Yes;26 640
437923668;UKR-000270;Yes;26 640
437923674;UKR-000270;Yes;6 660
437923680;UKR-000270;Yes;6 660
437923688;UKR-000270;Yes;6 660
437923697;UKR-000270;Yes;13 320
437923788;UKR-000298;Yes;6 660
437924122;UKR-000298;Yes;6 660
437924219;;No;6 660
437924360;UKR-000298;Yes;6 660
437924890;UKR-000270;Yes;26 640
437925000;UKR-000270;Yes;33 300
437925301;UKR-000298;Yes;19 980
437925970;UKR-000270;Yes;46 620
437926223;;No;13 320
437926430;UKR-000298;Yes;19 980
437926681;UKR-000298;Yes;26 640
437927067;UKR-000270;Yes;13 320
437927209;UKR-000298;Yes;19 980
437927312;UKR-000298;Yes;26 640
437927578;UKR-000270;Yes;6 660
437927879;UKR-000298;Yes;13 320
437928031;UKR-000298;Yes;26 640
437928260;UKR-000270;Yes;19 980
437928438;UKR-000298;Yes;6 660
437928805;UKR-000298;Yes;6 660
437929081;UKR-000298;Yes;19 980
437929467;UKR-000270;Yes;13 320
437929624;UKR-000270;Yes;19 980
437930812;UKR-000298;Yes;13 320
437931002;;No;33 300
437931096;UKR-000270;Yes;6 660
437931307;UKR-000270;Yes;6 660
437932302;;No;13 320
437932691;UKR-000298;Yes;13 320
437932741;UKR-000298;Yes;33 300
437933508;UKR-000298;Yes;26 640
437933862;UKR-000298;Yes;13 320
437934148;UKR-000270;Yes;13 320
437934310;UKR-000298;Yes;6 660
437934666;UKR-000270;Yes;33 300
437934809;UKR-000298;Yes;13 320
437934991;UKR-000298;Yes;6 660
437935451;;No;19 980
437935509;UKR-000298;Yes;19 980
437936037;UKR-000270;Yes;26 640
437936830;UKR-000270;Yes;13 320
437937039;UKR-000270;Yes;13 320
437937159;UKR-000298;Yes;19 980
437937452;UKR-000270;Yes;13 320
437938094;UKR-000270;Yes;6 660
437938271;UKR-000298;Yes;6 660
437938647;UKR-000298;Yes;6 660
437939027;UKR-000270;Yes;13 320
437940431;UKR-000298;Yes;6 660
437940707;UKR-000270;Yes;19 980
437941939;UKR-000270;Yes;33 300
437942994;UKR-000298;Yes;6 660
437946165;UKR-000298;Yes;6 660
437949908;UKR-000298;Yes;26 640
437952876;UKR-000298;Yes;33 300
437957863;;No;19 980
437958175;UKR-000298;Yes;19 980
437962022;UKR-000298;Yes;6 660
437965001;UKR-000298;Yes;6 660
437965013;UKR-000298;Yes;19 980
437965026;UKR-000298;Yes;6 660
437965040;;No;19 980
437965048;UKR-000298;Yes;26 640
437965054;UKR-000298;Yes;6 660
437965064;UKR-000298;Yes;13 320
437965078;UKR-000298;Yes;6 660
437965086;UKR-000298;Yes;6 660
437965100;UKR-000298;Yes;13 320
437965111;UKR-000298;Yes;6 660
437965118;UKR-000298;Yes;6 660
437965124;;No;6 660
437965127;UKR-000298;Yes;19 980
437965134;UKR-000298;Yes;6 660
437965139;UKR-000298;Yes;13 320
437965147;UKR-000298;Yes;13 320
437965153;;No;19 980
437965159;UKR-000298;Yes;19 980
437965166;UKR-000298;Yes;19 980
437965177;UKR-000298;Yes;13 320
437965185;UKR-000298;Yes;33 300
437965190;UKR-000298;Yes;13 320
437965201;UKR-000298;Yes;19 980
437965206;UKR-000298;Yes;13 320
437965213;UKR-000298;Yes;13 320
437965226;UKR-000298;Yes;26 640
437965232;UKR-000298;Yes;19 980
437965242;UKR-000298;Yes;13 320
437965249;UKR-000298;Yes;26 640
437965253;UKR-000298;Yes;33 300
437965263;UKR-000298;Yes;19 980
437968789;UKR-000298;Yes;6 660
437977747;UKR-000298;Yes;6 660
437979078;UKR-000298;Yes;6 660
437979555;UKR-000298;Yes;6 660
437979753;UKR-000298;Yes;6 660
437979992;UKR-000298;Yes;6 660
437980370;UKR-000298;Yes;13 320
437996731;UKR-000270;Yes;19 980
437998743;UKR-000270;Yes;6 660
438002928;UKR-000270;Yes;6 660
438006490;;No;6 660
438016067;UKR-000270;Yes;19 980
438018003;UKR-000270;Yes;6 660
438022726;;No;6 660
438026123;UKR-000270;Yes;6 660
438027692;UKR-000270;Yes;13 320
438147011;UKR-000270;Yes;19 980
438147014;UKR-000270;Yes;13 320
438147254;UKR-000270;Yes;13 320
438147718;UKR-000270;Yes;19 980
438147887;UKR-000270;Yes;13 320
438147910;UKR-000270;Yes;13 320
438147979;UKR-000270;Yes;13 320
438148605;UKR-000270;Yes;19 980
438149418;UKR-000270;Yes;19 980
438149421;UKR-000270;Yes;13 320
438149526;UKR-000270;Yes;19 980
438149804;UKR-000270;Yes;13 320
438149933;UKR-000298;Yes;6 660
438150302;UKR-000270;Yes;13 320
438150331;UKR-000270;Yes;13 320
438150461;UKR-000270;Yes;6 660
438150544;UKR-000298;Yes;19 980
438150714;UKR-000298;Yes;6 660
438151025;UKR-000270;Yes;6 660
438151301;UKR-000270;Yes;6 660
438151345;UKR-000270;Yes;19 980
438151531;UKR-000298;Yes;33 300
438151951;UKR-000270;Yes;13 320
438152145;UKR-000270;Yes;6 660
438152362;UKR-000270;Yes;13 320
438152836;UKR-000270;Yes;6 660
438153149;UKR-000298;Yes;13 320
438153389;UKR-000270;Yes;6 660
438153454;;No;6 660
438153680;UKR-000298;Yes;13 320
438153752;UKR-000298;Yes;6 660
438153767;UKR-000270;Yes;26 640
438154094;;No;6 660
438154122;UKR-000270;Yes;13 320
438154325;UKR-000270;Yes;6 660
438154404;UKR-000298;Yes;6 660
438154419;UKR-000298;Yes;19 980
438154867;UKR-000298;Yes;13 320
438155056;UKR-000298;Yes;6 660
438155841;UKR-000298;Yes;33 300
438156088;UKR-000298;Yes;13 320
438156775;UKR-000298;Yes;19 980
438156840;UKR-000298;Yes;6 660
438157241;UKR-000270;Yes;13 320
438157468;UKR-000270;Yes;13 320
438157677;UKR-000298;Yes;6 660
438158322;UKR-000298;Yes;19 980
438158532;UKR-000298;Yes;33 300
438158753;UKR-000298;Yes;6 660
438158976;UKR-000270;Yes;6 660
438160041;UKR-000270;Yes;6 660
438160061;UKR-000298;Yes;6 660
438160211;UKR-000270;Yes;39 960
438160786;UKR-000298;Yes;6 660
438160797;UKR-000298;Yes;13 320
438161281;;No;6 660
438161288;UKR-000270;Yes;13 320
438161294;UKR-000270;Yes;19 980
438161298;UKR-000270;Yes;6 660
438161541;UKR-000298;Yes;13 320
438161959;UKR-000270;Yes;33 300
438162224;UKR-000270;Yes;13 320
438162859;UKR-000298;Yes;33 300
438162923;UKR-000270;Yes;13 320
438162961;UKR-000270;Yes;13 320
438163264;UKR-000270;Yes;6 660
438163705;UKR-000270;Yes;19 980
438163888;UKR-000270;Yes;26 640
438164166;UKR-000298;Yes;19 980
438164689;UKR-000270;Yes;19 980
438165277;UKR-000270;Yes;33 300
438165286;UKR-000270;Yes;13 320
438165290;UKR-000270;Yes;13 320
438165297;UKR-000270;Yes;13 320
438165353;UKR-000298;Yes;13 320
438165404;UKR-000270;Yes;33 300
438165559;UKR-000270;Yes;13 320
438165604;UKR-000270;Yes;13 320
438165625;UKR-000270;Yes;19 980
438165837;UKR-000298;Yes;6 660
438166433;UKR-000270;Yes;13 320
438166563;UKR-000298;Yes;13 320
438167350;UKR-000270;Yes;33 300
438167884;UKR-000270;Yes;19 980
438168148;UKR-000298;Yes;6 660
438168223;UKR-000270;Yes;6 660
438168679;UKR-000270;Yes;13 320
438168908;UKR-000270;Yes;19 980
438169281;UKR-000298;Yes;13 320
438169284;UKR-000298;Yes;13 320
438169655;UKR-000270;Yes;13 320
438169832;UKR-000270;Yes;6 660
438170237;UKR-000298;Yes;13 320
438170489;UKR-000298;Yes;6 660
438170695;UKR-000270;Yes;19 980
438171049;UKR-000298;Yes;13 320
438171404;UKR-000298;Yes;6 660
438171653;UKR-000270;Yes;26 640
438171683;UKR-000270;Yes;39 960
438171708;UKR-000270;Yes;13 320
438173008;UKR-000298;Yes;6 660
438173255;UKR-000270;Yes;19 980
438173522;UKR-000270;Yes;19 980
438173865;UKR-000298;Yes;13 320
438173882;UKR-000270;Yes;13 320
438173904;UKR-000298;Yes;13 320
438174162;UKR-000270;Yes;6 660
438174660;UKR-000298;Yes;6 660
438174936;UKR-000270;Yes;19 980
438175171;UKR-000270;Yes;13 320
438175219;UKR-000270;Yes;6 660
438175530;UKR-000270;Yes;6 660
438175974;UKR-000298;Yes;13 320
438176527;UKR-000270;Yes;13 320
438176916;UKR-000270;Yes;26 640
438177027;UKR-000270;Yes;13 320
438177050;UKR-000298;Yes;13 320
438177092;UKR-000298;Yes;6 660
438177390;UKR-000270;Yes;6 660
438177481;UKR-000270;Yes;13 320
438177745;UKR-000298;Yes;6 660
438178239;UKR-000298;Yes;26 640
438179202;UKR-000270;Yes;26 640
438179324;UKR-000270;Yes;6 660
438179374;UKR-000298;Yes;6 660
438179564;UKR-000298;Yes;19 980
438180195;UKR-000270;Yes;13 320
438180350;UKR-000270;Yes;13 320
438180664;UKR-000270;Yes;19 980
438180672;UKR-000298;Yes;6 660
438180772;UKR-000298;Yes;13 320
438181560;UKR-000270;Yes;6 660
438181739;UKR-000298;Yes;13 320
438182083;UKR-000270;Yes;19 980
438182352;UKR-000298;Yes;6 660
438182600;UKR-000270;Yes;26 640
438182872;UKR-000270;Yes;13 320
438183082;UKR-000298;Yes;6 660
438183112;UKR-000270;Yes;13 320
438183531;UKR-000298;Yes;6 660
438185462;UKR-000270;Yes;19 980
438185475;UKR-000298;Yes;6 660
438185574;UKR-000298;Yes;6 660
438186451;UKR-000298;Yes;6 660
438186592;UKR-000298;Yes;6 660
438186847;UKR-000270;Yes;19 980
438187713;UKR-000298;Yes;6 660
438187724;UKR-000298;Yes;13 320
438189681;UKR-000298;Yes;13 320
438191281;UKR-000298;Yes;13 320
438192752;;No;26 640
438193512;UKR-000298;Yes;6 660
438193886;UKR-000270;Yes;13 320
438194270;UKR-000270;Yes;33 300
438195274;UKR-000270;Yes;6 660
438196168;UKR-000270;Yes;19 980
438196742;;No;13 320
438197181;UKR-000270;Yes;13 320
438197814;;No;6 660
438198424;;No;13 320
438199660;UKR-000270;Yes;13 320
438200144;UKR-000298;Yes;26 640
438201463;UKR-000270;Yes;19 980
438201978;;No;13 320
438202168;UKR-000298;Yes;19 980
438203838;UKR-000298;Yes;13 320
438225219;UKR-000298;Yes;6 660
438230233;UKR-000298;Yes;6 660
438235598;UKR-000298;Yes;13 320
438236526;UKR-000298;Yes;6 660
438246045;UKR-000298;Yes;33 300
438249792;UKR-000298;Yes;19 980
438253858;UKR-000298;Yes;19 980
438256274;UKR-000298;Yes;6 660
438261357;UKR-000298;Yes;6 660
438261894;UKR-000298;Yes;6 660
438262297;UKR-000270;Yes;13 320
438262304;UKR-000270;Yes;6 660
438262310;;No;26 640
438262318;UKR-000270;Yes;13 320
438262327;UKR-000270;Yes;6 660
438262334;UKR-000270;Yes;26 640
438262342;UKR-000270;Yes;13 320
438262350;UKR-000270;Yes;19 980
438263794;UKR-000298;Yes;26 640
438267999;UKR-000298;Yes;6 660
438281094;UKR-000298;Yes;6 660
438281768;UKR-000298;Yes;6 660
438282418;UKR-000298;Yes;19 980
438284893;UKR-000298;Yes;6 660
438285226;UKR-000298;Yes;6 660
438289673;UKR-000298;Yes;6 660
438447321;UKR-000270;Yes;26 640
438448033;UKR-000270;Yes;19 980
438448748;;No;19 980
438449131;UKR-000270;Yes;46 620
438449641;;No;0
438449868;UKR-000270;Yes;26 640
438451510;UKR-000270;Yes;6 660
438452534;UKR-000270;Yes;6 660
438453220;UKR-000270;Yes;13 320
438453441;UKR-000270;Yes;13 320
438454307;UKR-000270;Yes;13 320
438455007;UKR-000270;Yes;13 320
438455742;UKR-000270;Yes;13 320
438456789;UKR-000298;Yes;6 660
438457064;UKR-000270;Yes;13 320
438457083;;No;6 660
438457214;UKR-000270;Yes;6 660
438457285;UKR-000298;Yes;19 980
438457546;UKR-000270;Yes;6 660
438458264;;No;6 660
438458587;UKR-000298;Yes;6 660
438458743;;No;6 660
438459348;UKR-000270;Yes;13 320
438459562;;No;6 660
438459589;;No;13 320
438459814;UKR-000298;Yes;6 660
438460069;UKR-000270;Yes;6 660
438460480;UKR-000298;Yes;39 960
438460855;UKR-000270;Yes;26 640
438461226;UKR-000270;Yes;13 320
438461289;UKR-000298;Yes;53 280
438461326;UKR-000270;Yes;6 660
438462498;UKR-000270;Yes;13 320
438463481;UKR-000270;Yes;13 320
438463674;UKR-000270;Yes;13 320
438463720;UKR-000298;Yes;6 660
438463850;UKR-000298;Yes;13 320
438464076;UKR-000298;Yes;13 320
438464406;;No;19 980
438464543;UKR-000270;Yes;26 640
438465590;;No;13 320
438465996;;No;13 320
438466001;UKR-000270;Yes;19 980
438466235;UKR-000298;Yes;6 660
438466746;UKR-000298;Yes;6 660
438467469;UKR-000270;Yes;13 320
438467928;;No;13 320
438468055;UKR-000298;Yes;6 660
438468302;UKR-000270;Yes;33 300
438468344;UKR-000270;Yes;13 320
438468695;UKR-000298;Yes;6 660
438468888;;No;19 980
438469144;UKR-000270;Yes;19 980
438469251;UKR-000270;Yes;6 660
438469670;UKR-000270;Yes;26 640
438469683;UKR-000298;Yes;6 660
438469974;UKR-000270;Yes;26 640
438470116;UKR-000298;Yes;26 640
438470419;UKR-000270;Yes;13 320
438470454;UKR-000270;Yes;39 960
438470865;UKR-000270;Yes;13 320
438471132;UKR-000270;Yes;13 320
438471517;UKR-000270;Yes;6 660
438471760;UKR-000270;Yes;13 320
438471774;UKR-000270;Yes;19 980
438471800;UKR-000298;Yes;13 320
438472251;UKR-000270;Yes;19 980
438472893;UKR-000270;Yes;33 300
438473244;UKR-000298;Yes;13 320
438473284;UKR-000298;Yes;19 980
438473332;UKR-000270;Yes;33 300
438473468;UKR-000270;Yes;19 980
438473763;;No;26 640
438474369;UKR-000298;Yes;33 300
438474371;UKR-000270;Yes;13 320
438474506;UKR-000270;Yes;6 660
438474753;UKR-000298;Yes;13 320
438474849;UKR-000270;Yes;13 320
438474983;UKR-000298;Yes;13 320
438475646;;No;6 660
438476188;UKR-000270;Yes;19 980
438476296;UKR-000270;Yes;13 320
438476319;UKR-000298;Yes;19 980
438476368;UKR-000298;Yes;6 660
438476412;UKR-000270;Yes;19 980
438477093;UKR-000270;Yes;19 980
438477325;UKR-000298;Yes;6 660
438477418;;No;26 640
438477445;UKR-000270;Yes;19 980
438477666;UKR-000270;Yes;19 980
438478277;UKR-000298;Yes;19 980
438478299;;No;26 640
438478387;UKR-000270;Yes;13 320
438478913;UKR-000270;Yes;19 980
438479656;UKR-000298;Yes;6 660
438479721;UKR-000298;Yes;19 980
438479722;UKR-000270;Yes;6 660
438479744;;No;19 980
438480244;UKR-000298;Yes;6 660
438480289;UKR-000270;Yes;13 320
438480305;UKR-000298;Yes;6 660
438480441;UKR-000298;Yes;13 320
438480858;UKR-000270;Yes;13 320
438481121;UKR-000270;Yes;13 320
438481139;UKR-000298;Yes;13 320
438481188;UKR-000298;Yes;26 640
438481287;UKR-000270;Yes;19 980
438481608;UKR-000270;Yes;19 980
438482318;UKR-000270;Yes;13 320
438482322;UKR-000270;Yes;19 980
438482364;UKR-000270;Yes;26 640
438482505;UKR-000298;Yes;19 980
438482530;;No;13 320
438482797;UKR-000270;Yes;26 640
438482886;;No;6 660
438482903;UKR-000298;Yes;19 980
438483042;UKR-000298;Yes;26 640
438483449;UKR-000270;Yes;13 320
438483485;UKR-000298;Yes;33 300
438483879;UKR-000270;Yes;19 980
438484868;UKR-000270;Yes;6 660
438484973;UKR-000298;Yes;13 320
438485177;UKR-000270;Yes;6 660
438485290;;No;6 660
438485294;UKR-000270;Yes;13 320
438485359;UKR-000270;Yes;19 980
438485753;UKR-000270;Yes;19 980
438486081;;No;6 660
438486141;UKR-000298;Yes;13 320
438486680;UKR-000270;Yes;13 320
438486698;;No;13 320
438487033;UKR-000298;Yes;13 320
438487050;UKR-000270;Yes;6 660
438487164;UKR-000270;Yes;33 300
438487447;UKR-000298;Yes;6 660
438487681;UKR-000270;Yes;13 320
438488219;UKR-000298;Yes;13 320
438488250;UKR-000270;Yes;6 660
438488398;UKR-000298;Yes;19 980
438488658;UKR-000270;Yes;26 640
438488789;;No;6 660
438489144;UKR-000270;Yes;19 980
438489204;UKR-000298;Yes;19 980
438489352;UKR-000270;Yes;19 980
438489428;UKR-000270;Yes;13 320
438490047;UKR-000270;Yes;13 320
438490155;UKR-000298;Yes;13 320
438490480;UKR-000298;Yes;13 320
438490688;UKR-000270;Yes;13 320
438490779;UKR-000270;Yes;13 320
438490999;UKR-000298;Yes;26 640
438491055;UKR-000270;Yes;6 660
438491206;UKR-000298;Yes;13 320
438491480;UKR-000270;Yes;19 980
438491543;UKR-000270;Yes;19 980
438491587;UKR-000298;Yes;6 660
438492277;UKR-000298;Yes;6 660
438492861;UKR-000298;Yes;13 320
438492902;UKR-000270;Yes;6 660
438493280;UKR-000270;Yes;19 980
438493480;UKR-000298;Yes;6 660
438493628;UKR-000270;Yes;6 660
438493653;UKR-000270;Yes;13 320
438493899;UKR-000270;Yes;13 320
438494437;;No;19 980
438494668;;No;6 660
438494747;UKR-000298;Yes;26 640
438494762;UKR-000270;Yes;13 320
438494779;UKR-000298;Yes;13 320
438495477;UKR-000270;Yes;13 320
438495486;UKR-000298;Yes;26 640
438495905;UKR-000270;Yes;13 320
438495993;UKR-000270;Yes;19 980
438496036;UKR-000270;Yes;6 660
438496093;UKR-000270;Yes;13 320
438496518;UKR-000298;Yes;19 980
438496588;;No;6 660
438496720;UKR-000298;Yes;6 660
438496904;UKR-000270;Yes;19 980
438497111;UKR-000270;Yes;13 320
438497500;UKR-000298;Yes;13 320
438497891;UKR-000270;Yes;13 320
438498086;UKR-000270;Yes;26 640
438498191;UKR-000270;Yes;13 320
438498962;;No;13 320
438498971;UKR-000270;Yes;6 660
438499331;UKR-000298;Yes;6 660
438499618;UKR-000270;Yes;26 640
438499746;UKR-000298;Yes;39 960
438499867;UKR-000298;Yes;26 640
438499951;UKR-000270;Yes;26 640
438500268;UKR-000298;Yes;13 320
438500313;UKR-000270;Yes;19 980
438500526;UKR-000298;Yes;13 320
438501244;UKR-000298;Yes;6 660
438501330;UKR-000270;Yes;19 980
438501618;UKR-000270;Yes;39 960
438501794;UKR-000298;Yes;19 980
438501859;UKR-000270;Yes;13 320
438502157;;No;39 960
438502351;UKR-000298;Yes;13 320
438502373;UKR-000270;Yes;26 640
438502406;UKR-000298;Yes;19 980
438503150;UKR-000270;Yes;13 320
438503327;UKR-000298;Yes;13 320
438504333;UKR-000298;Yes;13 320
438504875;UKR-000298;Yes;13 320
438504898;UKR-000270;Yes;6 660
438504993;UKR-000270;Yes;6 660
438505239;UKR-000270;Yes;19 980
438505460;UKR-000298;Yes;6 660
438505979;UKR-000270;Yes;19 980
438506136;UKR-000298;Yes;6 660
438506315;UKR-000270;Yes;6 660
438506468;UKR-000270;Yes;13 320
438506919;UKR-000270;Yes;19 980
438506993;;No;19 980
438507046;UKR-000270;Yes;19 980
438507246;UKR-000270;Yes;13 320
438507815;UKR-000270;Yes;13 320
438507872;UKR-000298;Yes;6 660
438508271;UKR-000270;Yes;13 320
438508309;UKR-000270;Yes;13 320
438508332;UKR-000270;Yes;39 960
438508928;;No;13 320
438508969;;No;33 300
438509234;UKR-000270;Yes;13 320
438509380;UKR-000270;Yes;13 320
438509490;UKR-000270;Yes;6 660
438509626;UKR-000298;Yes;6 660
438509993;UKR-000270;Yes;26 640
438510325;UKR-000298;Yes;19 980
438510768;;No;19 980
438511497;UKR-000298;Yes;26 640
438511554;UKR-000270;Yes;6 660
438511579;;No;26 640
438511649;UKR-000270;Yes;13 320
438511766;UKR-000298;Yes;6 660
438512354;UKR-000270;Yes;13 320
438513029;UKR-000270;Yes;19 980
438513104;UKR-000270;Yes;19 980
438514163;UKR-000270;Yes;26 640
438514179;UKR-000270;Yes;13 320
438514363;UKR-000298;Yes;13 320
438514482;UKR-000270;Yes;6 660
438514907;UKR-000270;Yes;13 320
438514964;UKR-000298;Yes;6 660
438515901;UKR-000298;Yes;13 320
438515930;UKR-000298;Yes;39 960
438516357;UKR-000270;Yes;6 660
438516368;UKR-000270;Yes;19 980
438517208;UKR-000298;Yes;13 320
438517285;;No;19 980
438519076;UKR-000298;Yes;6 660
438519681;UKR-000298;Yes;13 320
438519700;UKR-000270;Yes;19 980
438520237;UKR-000270;Yes;13 320
438520729;UKR-000270;Yes;13 320
438521245;UKR-000298;Yes;6 660
438521799;UKR-000270;Yes;33 300
438522052;UKR-000270;Yes;19 980
438522557;UKR-000298;Yes;6 660
438523512;UKR-000298;Yes;6 660
438523654;UKR-000270;Yes;13 320
438524607;UKR-000298;Yes;6 660
438525327;UKR-000298;Yes;33 300
438526883;UKR-000298;Yes;13 320
438529766;UKR-000298;Yes;46 620
438530279;UKR-000298;Yes;13 320
438532278;UKR-000298;Yes;13 320
438533983;UKR-000298;Yes;6 660
438551354;UKR-000298;Yes;19 980
438551979;UKR-000298;Yes;26 640
438558205;UKR-000298;Yes;6 660
438559682;UKR-000298;Yes;13 320
438559971;UKR-000298;Yes;19 980
438565935;UKR-000298;Yes;6 660
438565968;UKR-000298;Yes;33 300
438566185;UKR-000298;Yes;13 320
438567890;;No;33 300
438568740;UKR-000298;Yes;13 320
438568983;;No;26 640
438867381;;No;26 640
438867584;;No;19 980
438867881;UKR-000270;Yes;33 300
438868329;UKR-000270;Yes;6 660
438868601;UKR-000270;Yes;19 980
438868607;UKR-000270;Yes;6 660
438868639;UKR-000270;Yes;6 660
438869369;UKR-000270;Yes;13 320
438869422;UKR-000270;Yes;13 320
438869606;UKR-000270;Yes;13 320
438869760;UKR-000270;Yes;6 660
438870932;;No;19 980
438870991;;No;13 320
438871497;UKR-000270;Yes;19 980
438872150;UKR-000270;Yes;13 320
438872232;;No;13 320
438872272;UKR-000270;Yes;6 660
438872415;UKR-000270;Yes;6 660
438873113;UKR-000270;Yes;6 660
438873135;UKR-000270;Yes;6 660
438875348;UKR-000270;Yes;6 660
438875485;UKR-000270;Yes;13 320
438876278;UKR-000270;Yes;13 320
438876472;UKR-000270;Yes;13 320
438876515;UKR-000270;Yes;13 320
438877360;UKR-000270;Yes;13 320
438877596;UKR-000270;Yes;13 320
438877732;UKR-000270;Yes;6 660
438878117;UKR-000270;Yes;13 320
438878779;UKR-000270;Yes;13 320
438878920;UKR-000270;Yes;13 320
438879029;UKR-000270;Yes;6 660
438879033;UKR-000298;Yes;19 980
438879227;UKR-000270;Yes;6 660
438879307;UKR-000270;Yes;6 660
438879967;UKR-000270;Yes;26 640
438880703;UKR-000298;Yes;6 660
438880789;UKR-000270;Yes;13 320
438881114;UKR-000298;Yes;19 980
438881544;UKR-000270;Yes;13 320
438881863;;No;26 640
438881956;UKR-000270;Yes;13 320
438882529;UKR-000298;Yes;13 320
438883060;UKR-000270;Yes;6 660
438883089;UKR-000298;Yes;6 660
438883367;UKR-000270;Yes;6 660
438883863;UKR-000298;Yes;13 320
438883930;UKR-000298;Yes;6 660
438883967;UKR-000298;Yes;13 320
438883976;UKR-000270;Yes;19 980
438884128;UKR-000270;Yes;19 980
438884249;UKR-000270;Yes;19 980
438884390;UKR-000270;Yes;26 640
438885028;UKR-000298;Yes;13 320
438885228;UKR-000298;Yes;13 320
438885330;UKR-000270;Yes;13 320
438885370;UKR-000298;Yes;13 320
438885396;UKR-000270;Yes;6 660
438885608;UKR-000270;Yes;13 320
438885651;UKR-000270;Yes;13 320
438886292;UKR-000270;Yes;6 660
438886625;UKR-000270;Yes;6 660
438886653;UKR-000298;Yes;19 980
438887332;UKR-000270;Yes;13 320
438887482;UKR-000270;Yes;19 980
438887568;UKR-000298;Yes;53 280
438887897;UKR-000270;Yes;13 320
438888264;;No;19 980
438888271;;No;6 660
438888307;UKR-000270;Yes;13 320
438888865;UKR-000270;Yes;13 320
438889619;UKR-000270;Yes;13 320
438889936;UKR-000270;Yes;6 660
438890463;UKR-000270;Yes;19 980
438890692;UKR-000298;Yes;6 660
438890748;UKR-000270;Yes;13 320
438891113;UKR-000298;Yes;6 660
438891119;UKR-000270;Yes;19 980
438891475;UKR-000270;Yes;6 660
438891890;UKR-000298;Yes;13 320
438891962;UKR-000270;Yes;6 660
438892255;UKR-000270;Yes;13 320
438893109;UKR-000298;Yes;13 320
438893538;UKR-000298;Yes;6 660
438893936;UKR-000298;Yes;33 300
438894945;UKR-000298;Yes;6 660
438896543;UKR-000298;Yes;13 320
438896602;UKR-000298;Yes;6 660
438897870;UKR-000298;Yes;13 320
438899536;;No;6 660
438900518;;No;19 980
438901414;UKR-000298;Yes;19 980
438901919;UKR-000298;Yes;6 660
438902987;UKR-000298;Yes;13 320
438903121;;No;26 640
438904753;UKR-000298;Yes;6 660
438904883;UKR-000298;Yes;13 320
438906021;UKR-000270;Yes;13 320
438906833;UKR-000298;Yes;6 660
438908386;UKR-000298;Yes;6 660
438908648;UKR-000298;Yes;13 320
438910432;UKR-000298;Yes;6 660
438910825;UKR-000298;Yes;6 660
438912477;UKR-000298;Yes;6 660
438912562;UKR-000270;Yes;26 640
438913477;UKR-000298;Yes;26 640
438913939;UKR-000298;Yes;6 660
438914742;UKR-000270;Yes;13 320
438915742;UKR-000298;Yes;26 640
438915755;UKR-000298;Yes;6 660
438915789;;No;6 660
438918113;UKR-000298;Yes;6 660
438919142;UKR-000298;Yes;6 660
438927090;UKR-000298;Yes;19 980
438945828;UKR-000270;Yes;26 640
438998792;UKR-000298;Yes;13 320
439001526;UKR-000298;Yes;6 660
439003241;UKR-000298;Yes;13 320
439075021;UKR-000298;Yes;6 660
439075306;UKR-000298;Yes;6 660
439082478;UKR-000298;Yes;19 980
439083765;;No;6 660
439085809;UKR-000298;Yes;13 320
439086567;UKR-000298;Yes;13 320
439087590;UKR-000298;Yes;19 980
439088785;UKR-000298;Yes;13 320
439089166;UKR-000298;Yes;13 320
439090779;UKR-000298;Yes;19 980
439091516;UKR-000298;Yes;13 320
439098867;UKR-000298;Yes;13 320
439342604;UKR-000270;Yes;6 660
439344025;UKR-000298;Yes;6 660
439344343;UKR-000270;Yes;13 320
439345196;UKR-000298;Yes;6 660
439345295;UKR-000270;Yes;13 320
439345514;UKR-000270;Yes;13 320
439345658;UKR-000298;Yes;13 320
439347268;UKR-000270;Yes;13 320
439348357;UKR-000298;Yes;33 300
439348772;UKR-000270;Yes;13 320
439349629;UKR-000298;Yes;13 320
439349683;UKR-000298;Yes;19 980
439351333;UKR-000270;Yes;13 320
439351686;UKR-000298;Yes;13 320
439352583;UKR-000298;Yes;6 660
439353133;UKR-000298;Yes;13 320
439356543;;No;19 980
439356593;UKR-000298;Yes;13 320
439356601;UKR-000298;Yes;6 660
439356655;UKR-000298;Yes;6 660
439357631;UKR-000298;Yes;26 640
439358466;UKR-000298;Yes;6 660
439358563;UKR-000298;Yes;13 320
439358741;UKR-000298;Yes;13 320
439359106;UKR-000298;Yes;13 320
439360550;UKR-000298;Yes;6 660
439360933;UKR-000298;Yes;6 660
439361115;UKR-000298;Yes;13 320
439361552;UKR-000298;Yes;19 980
439362271;UKR-000298;Yes;6 660
439362803;UKR-000270;Yes;13 320
439363299;UKR-000298;Yes;13 320
439364733;UKR-000270;Yes;33 300
439366482;;No;13 320
439366603;UKR-000270;Yes;13 320
439367164;UKR-000298;Yes;13 320
439367178;UKR-000298;Yes;6 660
439367299;UKR-000270;Yes;26 640
439367715;UKR-000298;Yes;6 660
439367914;UKR-000298;Yes;6 660
439368564;UKR-000270;Yes;33 300
439368957;UKR-000298;Yes;13 320
439369120;;No;13 320
439369145;UKR-000298;Yes;6 660
439370311;UKR-000298;Yes;13 320
439371259;UKR-000298;Yes;13 320
439371423;UKR-000270;Yes;13 320
439372290;UKR-000298;Yes;19 980
439373625;UKR-000298;Yes;6 660
439373999;UKR-000298;Yes;26 640
439377927;UKR-000298;Yes;13 320
439378358;UKR-000298;Yes;19 980
439378947;UKR-000298;Yes;13 320
439379359;UKR-000298;Yes;13 320
439380769;;No;6 660
439380993;UKR-000298;Yes;6 660
439382754;UKR-000298;Yes;6 660
439384318;UKR-000298;Yes;19 980
439384657;UKR-000270;Yes;53 280
439387548;UKR-000270;Yes;19 980
439389071;UKR-000298;Yes;6 660
439389203;UKR-000298;Yes;6 660
439389462;UKR-000298;Yes;6 660
439393353;UKR-000298;Yes;6 660
439394189;UKR-000298;Yes;13 320
439399740;UKR-000298;Yes;13 320
439400051;UKR-000298;Yes;6 660
439403427;UKR-000298;Yes;13 320
439403538;UKR-000298;Yes;19 980
439404831;UKR-000298;Yes;6 660
439404875;UKR-000298;Yes;13 320
439405545;UKR-000298;Yes;13 320
439406589;;No;6 660
439407226;UKR-000298;Yes;6 660
439407590;UKR-000298;Yes;6 660
439409099;UKR-000298;Yes;19 980
439409351;UKR-000298;Yes;6 660
439409936;UKR-000298;Yes;6 660
439411077;UKR-000270;Yes;13 320
439411152;;No;13 320
439411757;;No;26 640
439411801;;No;13 320
439411803;UKR-000270;Yes;13 320
439413116;UKR-000298;Yes;6 660
439413443;UKR-000298;Yes;13 320
439421027;UKR-000298;Yes;6 660
439421202;UKR-000298;Yes;6 660
439425429;UKR-000298;Yes;13 320
439427678;UKR-000298;Yes;6 660
439427818;UKR-000270;Yes;19 980
439429974;;No;19 980
439430392;UKR-000298;Yes;6 660
439430922;UKR-000298;Yes;6 660
439431036;UKR-000298;Yes;6 660
439432502;UKR-000298;Yes;6 660
439434545;UKR-000298;Yes;13 320
439434627;UKR-000298;Yes;6 660
439434696;UKR-000298;Yes;6 660
439438306;UKR-000298;Yes;6 660
439440890;UKR-000270;Yes;13 320
439453856;;No;6 660
439456610;UKR-000298;Yes;39 960
439461830;UKR-000298;Yes;13 320
439467819;UKR-000298;Yes;33 300
439469769;UKR-000298;Yes;6 660
439477812;UKR-000298;Yes;26 640
439477904;UKR-000298;Yes;19 980
439478017;UKR-000298;Yes;13 320
439478073;UKR-000298;Yes;19 980
439478145;UKR-000298;Yes;6 660
439478196;UKR-000298;Yes;19 980
439478239;UKR-000298;Yes;13 320
439478278;UKR-000298;Yes;13 320
439492255;;No;26 640
439494017;UKR-000298;Yes;6 660
439579810;UKR-000270;Yes;19 980
439793568;UKR-000298;Yes;13 320
439794788;;No;6 660
439794862;;No;6 660
439796346;UKR-000298;Yes;19 980
439797205;;No;13 320
439797335;;No;13 320
439797987;;No;13 320
439798291;;No;13 320
439799476;UKR-000270;Yes;13 320
439799634;;No;13 320
439799679;;No;6 660
439802051;UKR-000270;Yes;26 640
439802121;UKR-000298;Yes;13 320
439802372;;No;19 980
439803147;UKR-000270;Yes;13 320
439803240;;No;6 660
439804870;UKR-000298;Yes;6 660
439805926;;No;13 320
439806537;UKR-000298;Yes;13 320
439808182;;No;13 320
439808211;UKR-000270;Yes;6 660
439813076;UKR-000298;Yes;6 660
439814574;UKR-000298;Yes;13 320
439814675;;No;13 320
439820280;;No;19 980
439823508;UKR-000298;Yes;6 660
439823687;UKR-000298;Yes;13 320
439824947;UKR-000270;Yes;13 320
439827382;UKR-000270;Yes;19 980
439827433;UKR-000298;Yes;26 640
439827638;UKR-000298;Yes;6 660
439828792;UKR-000298;Yes;13 320
439829168;UKR-000298;Yes;13 320
439829613;UKR-000270;Yes;13 320
439831665;UKR-000298;Yes;53 280
439832536;UKR-000270;Yes;33 300
439833587;UKR-000298;Yes;13 320
439834112;UKR-000298;Yes;13 320
439834771;UKR-000270;Yes;13 320
439834803;UKR-000298;Yes;13 320
439835875;UKR-000298;Yes;19 980
439835942;UKR-000298;Yes;6 660
439836089;UKR-000298;Yes;13 320
439836945;UKR-000270;Yes;6 660
439839391;UKR-000298;Yes;19 980
439840921;UKR-000270;Yes;13 320
439841195;UKR-000298;Yes;26 640
439841259;UKR-000298;Yes;19 980
439841991;UKR-000298;Yes;6 660
439843321;UKR-000270;Yes;6 660
439844601;UKR-000298;Yes;13 320
439845092;UKR-000298;Yes;6 660
439845947;UKR-000298;Yes;33 300
439846031;UKR-000270;Yes;13 320
439847104;UKR-000298;Yes;6 660
439847712;UKR-000298;Yes;26 640
439847758;UKR-000298;Yes;6 660
439847759;UKR-000270;Yes;13 320
439857238;UKR-000270;Yes;19 980
439857286;;No;39 960
439857327;UKR-000270;Yes;33 300
439858071;;No;6 660
439859507;UKR-000298;Yes;26 640
439859827;UKR-000298;Yes;6 660
439862456;UKR-000270;Yes;6 660
439864138;UKR-000298;Yes;6 660
439864174;UKR-000298;Yes;6 660
439865224;UKR-000298;Yes;33 300
439866452;UKR-000270;Yes;13 320
439868837;UKR-000298;Yes;6 660
439869923;UKR-000270;Yes;13 320
439870587;UKR-000298;Yes;6 660
439870606;UKR-000270;Yes;13 320
439872735;UKR-000298;Yes;6 660
439873321;UKR-000298;Yes;26 640
439873480;UKR-000270;Yes;6 660
439873792;UKR-000298;Yes;26 640
439874657;UKR-000270;Yes;13 320
439874678;UKR-000270;Yes;6 660
439874719;UKR-000270;Yes;6 660
439874741;;No;19 980
439874758;UKR-000270;Yes;6 660
439874787;UKR-000270;Yes;6 660
439874810;UKR-000270;Yes;13 320
439874829;;No;19 980
439874858;;No;19 980
439874877;UKR-000270;Yes;13 320
439874906;UKR-000270;Yes;6 660
439874931;UKR-000270;Yes;13 320
439874945;UKR-000270;Yes;13 320
439875505;UKR-000270;Yes;33 300
439876348;UKR-000298;Yes;19 980
439876532;UKR-000298;Yes;13 320
439878393;UKR-000298;Yes;6 660
439879357;UKR-000298;Yes;6 660
439881103;;No;6 660
439881166;UKR-000298;Yes;6 660
439882158;UKR-000270;Yes;26 640
439883293;UKR-000298;Yes;13 320
439883888;UKR-000270;Yes;19 980
439884150;UKR-000298;Yes;6 660
439884546;UKR-000270;Yes;6 660
439884709;UKR-000298;Yes;6 660
439887053;UKR-000270;Yes;19 980
439887066;UKR-000270;Yes;6 660
439887076;UKR-000270;Yes;6 660
439887090;UKR-000270;Yes;26 640
439887109;UKR-000270;Yes;6 660
439887497;UKR-000270;Yes;39 960
439887514;UKR-000270;Yes;6 660
439887539;UKR-000270;Yes;33 300
439887562;UKR-000270;Yes;26 640
439887578;UKR-000270;Yes;13 320
439887601;UKR-000270;Yes;39 960
439887617;UKR-000270;Yes;13 320
439887633;UKR-000270;Yes;13 320
439887681;UKR-000270;Yes;26 640
439887727;UKR-000270;Yes;6 660
439888222;UKR-000298;Yes;13 320
439889362;UKR-000270;Yes;6 660
439889406;UKR-000270;Yes;26 640
439889424;UKR-000270;Yes;6 660
439889440;UKR-000270;Yes;33 300
439889449;UKR-000270;Yes;13 320
439889463;UKR-000270;Yes;6 660
439889470;UKR-000298;Yes;6 660
439889972;UKR-000298;Yes;6 660
439891447;UKR-000298;Yes;13 320
439892099;;No;6 660
439894384;UKR-000298;Yes;13 320
439898075;UKR-000298;Yes;6 660
439900506;;No;13 320
439901757;UKR-000298;Yes;6 660
439902663;UKR-000298;Yes;6 660
439904741;UKR-000298;Yes;6 660
439907367;UKR-000298;Yes;6 660
439907505;;No;6 660
439907996;UKR-000298;Yes;19 980
439909952;;No;13 320
439912030;UKR-000298;Yes;6 660
439913269;UKR-000298;Yes;13 320
439914208;UKR-000298;Yes;6 660
439917801;UKR-000298;Yes;6 660
439921171;UKR-000298;Yes;6 660
439921323;UKR-000298;Yes;6 660
439928519;UKR-000298;Yes;6 660
439929583;UKR-000270;Yes;6 660
439935288;UKR-000270;Yes;6 660
439936212;UKR-000298;Yes;6 660
439949048;UKR-000270;Yes;26 640
439949054;;No;6 660
439949062;UKR-000270;Yes;33 300
439949075;UKR-000270;Yes;13 320
439949082;UKR-000270;Yes;13 320
439949086;UKR-000270;Yes;13 320
439949093;;No;13 320
439949099;UKR-000270;Yes;39 960
439949114;UKR-000270;Yes;13 320
439951726;UKR-000298;Yes;6 660
439953760;UKR-000270;Yes;26 640
439990844;UKR-000298;Yes;19 980
440036448;UKR-000298;Yes;33 300
440037302;UKR-000298;Yes;6 660
440039127;UKR-000298;Yes;13 320
440042380;UKR-000298;Yes;13 320
440042482;UKR-000270;Yes;19 980
440048454;UKR-000298;Yes;26 640
440286976;;No;19 980
440286983;UKR-000270;Yes;6 660
440288439;UKR-000298;Yes;13 320
440290800;UKR-000298;Yes;19 980
440291465;UKR-000298;Yes;26 640
440291612;UKR-000270;Yes;19 980
440291620;UKR-000270;Yes;19 980
440291623;UKR-000270;Yes;13 320
440291630;UKR-000270;Yes;13 320
440294241;;No;19 980
440295751;;No;6 660
440297313;UKR-000270;Yes;33 300
440312492;UKR-000270;Yes;13 320
440314853;;No;0
440314886;UKR-000270;Yes;19 980
440314912;UKR-000270;Yes;13 320
440314953;UKR-000270;Yes;6 660
440314979;UKR-000270;Yes;39 960
440315493;UKR-000270;Yes;13 320
440315608;UKR-000270;Yes;19 980
440315646;UKR-000270;Yes;13 320
440315676;UKR-000270;Yes;13 320
440315699;UKR-000270;Yes;13 320
440315727;UKR-000270;Yes;6 660
440317498;;No;33 300
440319451;;No;6 660
440319466;;No;13 320
440319479;UKR-000270;Yes;6 660
440319488;UKR-000270;Yes;26 640
440320836;UKR-000270;Yes;19 980
440320893;;No;6 660
440320999;UKR-000270;Yes;19 980
440321031;UKR-000270;Yes;19 980
440321094;;No;13 320
440321637;;No;19 980
440324352;UKR-000270;Yes;26 640
440324363;UKR-000270;Yes;13 320
440326323;UKR-000270;Yes;6 660
440328455;;No;33 300
440328496;UKR-000270;Yes;19 980
440329847;UKR-000270;Yes;26 640
440334075;UKR-000270;Yes;39 960
440334925;UKR-000270;Yes;6 660
440334934;UKR-000270;Yes;33 300
440334942;UKR-000270;Yes;26 640
440335243;UKR-000270;Yes;13 320
440336642;UKR-000270;Yes;26 640
440337280;UKR-000270;Yes;26 640
440337287;;No;26 640
440339562;UKR-000270;Yes;19 980
440341379;UKR-000270;Yes;19 980
440341474;UKR-000270;Yes;13 320
440341507;UKR-000270;Yes;26 640
440341526;UKR-000270;Yes;33 300
440341557;UKR-000270;Yes;26 640
440341611;UKR-000270;Yes;26 640
440341710;UKR-000270;Yes;19 980
440342187;UKR-000270;Yes;26 640
440342386;;No;6 660
440342393;UKR-000270;Yes;13 320
440342397;UKR-000270;Yes;13 320
440342400;UKR-000270;Yes;13 320
440342403;UKR-000270;Yes;6 660
440342406;UKR-000270;Yes;13 320
440342411;UKR-000270;Yes;26 640
440344185;UKR-000270;Yes;26 640
440344189;UKR-000270;Yes;6 660
440344203;UKR-000270;Yes;26 640
440345095;;No;19 980
441394623;UKR-000298;Yes;6 660
441420728;;No;6 660
441466003;UKR-000298;Yes;19 980
441905427;UKR-000270;Yes;19 980
441906698;UKR-000270;Yes;6 660
441906711;UKR-000270;Yes;13 320
441908374;UKR-000270;Yes;13 320
441909381;UKR-000270;Yes;13 320
441912421;UKR-000270;Yes;13 320
441914645;UKR-000270;Yes;6 660
441914662;UKR-000270;Yes;13 320
441914685;UKR-000270;Yes;33 300
441914710;;No;13 320
441914731;UKR-000270;Yes;26 640
441914760;;No;6 660
441914777;UKR-000270;Yes;19 980
441914807;UKR-000270;Yes;13 320
441915070;UKR-000270;Yes;6 660
441915740;UKR-000270;Yes;6 660
441916215;UKR-000270;Yes;6 660
441917169;UKR-000270;Yes;13 320
441921319;UKR-000270;Yes;13 320
441923431;UKR-000270;Yes;33 300
441923565;UKR-000270;Yes;6 660
441925242;UKR-000270;Yes;6 660
441926535;UKR-000270;Yes;13 320
441927055;UKR-000270;Yes;13 320
441927498;UKR-000270;Yes;6 660
441929858;UKR-000270;Yes;19 980
441932418;UKR-000270;Yes;13 320
441936395;UKR-000270;Yes;13 320
441939034;UKR-000270;Yes;6 660
441939253;UKR-000270;Yes;13 320
441939363;;No;13 320
441939426;UKR-000270;Yes;13 320
441939467;UKR-000270;Yes;13 320
441939529;UKR-000270;Yes;6 660
441939599;UKR-000270;Yes;6 660
441940735;;No;59 940
441942167;UKR-000270;Yes;13 320
441942540;;No;6 660
441944813;UKR-000270;Yes;19 980
441945257;UKR-000270;Yes;19 980
441945407;UKR-000270;Yes;6 660
441945577;UKR-000270;Yes;13 320
441945735;UKR-000270;Yes;19 980
441945974;UKR-000270;Yes;6 660
441946167;;No;26 640
441946377;;No;26 640
441946528;UKR-000270;Yes;19 980
441946925;UKR-000270;Yes;13 320
441947127;UKR-000270;Yes;13 320
441947145;UKR-000270;Yes;19 980
441947168;UKR-000270;Yes;19 980
441947203;UKR-000270;Yes;13 320
441947250;UKR-000270;Yes;13 320
441948933;UKR-000270;Yes;6 660
441948936;UKR-000270;Yes;13 320
441949040;UKR-000270;Yes;6 660
441949119;UKR-000270;Yes;6 660
441949331;UKR-000270;Yes;13 320
441949347;UKR-000270;Yes;6 660
441949412;;No;26 640
441950432;;No;6 660
441952015;;No;13 320
441953127;;No;33 300
441954540;UKR-000270;Yes;26 640
441956112;;No;13 320
441956837;UKR-000298;Yes;6 660
441956866;UKR-000298;Yes;33 300
441956879;UKR-000298;Yes;13 320
441956896;UKR-000298;Yes;39 960
441956911;UKR-000298;Yes;13 320
441956932;UKR-000298;Yes;13 320
441956965;UKR-000298;Yes;6 660
441956987;UKR-000298;Yes;6 660
441957030;UKR-000298;Yes;6 660
441957085;UKR-000298;Yes;6 660
441957188;UKR-000298;Yes;6 660
441957433;UKR-000298;Yes;26 640
441957453;UKR-000298;Yes;6 660
441957468;UKR-000298;Yes;13 320
441957487;;No;6 660
441957498;;No;6 660
441957513;UKR-000298;Yes;13 320
441957539;UKR-000298;Yes;13 320
441957560;;No;0
441957586;UKR-000298;Yes;13 320
441957616;;No;46 620
441957649;UKR-000298;Yes;6 660
441957707;UKR-000298;Yes;6 660
441957783;;No;6 660
441960513;UKR-000298;Yes;13 320
441960546;UKR-000298;Yes;6 660
441960570;UKR-000298;Yes;13 320
441960591;UKR-000270;Yes;13 320
441960606;;No;13 320
441960630;UKR-000298;Yes;6 660
441960659;UKR-000298;Yes;6 660
441960694;UKR-000270;Yes;6 660
441960708;UKR-000298;Yes;13 320
441960717;UKR-000270;Yes;6 660
441960740;UKR-000270;Yes;13 320
441960753;;No;6 660
441960787;UKR-000298;Yes;6 660
441960835;UKR-000298;Yes;6 660
441960904;;No;0
441960942;UKR-000298;Yes;6 660
441960983;UKR-000298;Yes;6 660
441961028;UKR-000298;Yes;6 660
441961079;UKR-000298;Yes;6 660
441961113;UKR-000298;Yes;6 660
441961146;UKR-000298;Yes;13 320
441961179;UKR-000298;Yes;19 980
441961203;UKR-000298;Yes;19 980
441961237;UKR-000298;Yes;13 320
441961281;UKR-000298;Yes;6 660
441961311;UKR-000298;Yes;13 320
441961341;UKR-000298;Yes;13 320
441961371;UKR-000298;Yes;13 320
441961717;UKR-000270;Yes;6 660
441962132;UKR-000270;Yes;26 640
441962199;;No;6 660
441962270;;No;6 660
441963519;UKR-000298;Yes;6 660
441963547;UKR-000270;Yes;19 980
441963579;UKR-000270;Yes;26 640
441963599;UKR-000270;Yes;6 660
441963626;;No;6 660
441963648;UKR-000270;Yes;13 320
441963690;;No;13 320
441963726;UKR-000270;Yes;19 980
441963861;UKR-000270;Yes;26 640
441963899;UKR-000270;Yes;26 640
441963932;UKR-000270;Yes;13 320
441963966;UKR-000270;Yes;26 640
441964002;UKR-000270;Yes;26 640
441964032;UKR-000270;Yes;19 980
441964066;;No;6 660
441964102;UKR-000270;Yes;6 660
441964140;UKR-000270;Yes;19 980
441964169;;No;26 640
441964190;UKR-000270;Yes;33 300
441964208;UKR-000270;Yes;6 660
441964232;UKR-000270;Yes;13 320
441964259;UKR-000270;Yes;6 660
441964303;UKR-000270;Yes;6 660
441964334;UKR-000270;Yes;6 660
441964353;UKR-000270;Yes;6 660
441964386;UKR-000270;Yes;6 660
441964606;UKR-000270;Yes;6 660
441966155;UKR-000270;Yes;19 980
441968770;UKR-000270;Yes;19 980
441970570;UKR-000270;Yes;6 660
441970788;UKR-000270;Yes;13 320
441973262;UKR-000270;Yes;13 320
441974604;UKR-000270;Yes;6 660
441976807;UKR-000270;Yes;13 320
441976981;UKR-000270;Yes;13 320
441979919;UKR-000270;Yes;26 640
441985758;UKR-000270;Yes;19 980
441987769;UKR-000270;Yes;33 300
441989630;;No;13 320
441989668;;No;13 320
441989698;UKR-000270;Yes;6 660
441989763;UKR-000270;Yes;6 660
441989802;UKR-000270;Yes;6 660
441989860;UKR-000270;Yes;13 320
441989912;;No;13 320
441990013;UKR-000270;Yes;19 980
441992852;;No;13 320
441993927;UKR-000270;Yes;6 660
441994099;UKR-000270;Yes;13 320
441994174;;No;13 320
441995185;UKR-000270;Yes;26 640
442000658;UKR-000270;Yes;19 980
442007362;;No;6 660
442009688;UKR-000270;Yes;6 660
442020453;UKR-000270;Yes;6 660
442023229;UKR-000270;Yes;39 960
442026459;UKR-000270;Yes;26 640
442041056;UKR-000270;Yes;6 660
442041076;UKR-000270;Yes;19 980
442041110;UKR-000270;Yes;6 660
442041142;UKR-000270;Yes;13 320
442111679;UKR-000298;Yes;6 660
442114056;UKR-000298;Yes;6 660
442118564;;No;19 980
442122150;UKR-000298;Yes;6 660
442549515;;No;13 320
442565761;UKR-000298;Yes;13 320
442574031;UKR-000298;Yes;13 320
442659017;UKR-000298;Yes;13 320
443003351;UKR-000270;Yes;13 320
443005348;UKR-000270;Yes;6 660
443005759;UKR-000270;Yes;6 660
443005790;UKR-000270;Yes;6 660
443005830;UKR-000270;Yes;13 320
443005850;UKR-000270;Yes;13 320
443005890;UKR-000270;Yes;13 320
443007050;UKR-000270;Yes;6 660
443007339;UKR-000270;Yes;13 320
443007344;UKR-000270;Yes;13 320
443008894;;No;33 300
443008942;;No;19 980
443009265;;No;19 980
443009494;;No;19 980
443010534;UKR-000270;Yes;19 980
443010725;UKR-000270;Yes;6 660
443011302;;No;13 320
443012471;UKR-000270;Yes;13 320
443012792;UKR-000270;Yes;13 320
443012913;;No;13 320
443014682;UKR-000270;Yes;13 320
443014874;UKR-000270;Yes;19 980
443015327;UKR-000270;Yes;6 660
443016421;UKR-000270;Yes;13 320
443017157;UKR-000270;Yes;26 640
443018076;UKR-000270;Yes;13 320
443018555;;No;13 320
443018987;UKR-000270;Yes;19 980
443019883;UKR-000270;Yes;13 320
443021032;UKR-000270;Yes;6 660
443021498;UKR-000270;Yes;19 980
443021656;UKR-000270;Yes;79 920
443023201;UKR-000270;Yes;19 980
443024223;;No;13 320
443024598;UKR-000270;Yes;33 300
443025162;UKR-000270;Yes;13 320
443025411;UKR-000270;Yes;6 660
443025475;UKR-000270;Yes;26 640
443026425;UKR-000270;Yes;6 660
443027178;UKR-000270;Yes;13 320
443027292;UKR-000270;Yes;6 660
443027518;;No;26 640
443028562;UKR-000270;Yes;13 320
443029420;UKR-000270;Yes;6 660
443029479;UKR-000270;Yes;13 320
443030462;;No;6 660
443031029;UKR-000270;Yes;26 640
443032176;UKR-000270;Yes;13 320
443032587;UKR-000270;Yes;6 660
443032987;;No;6 660
443033629;UKR-000270;Yes;6 660
443034863;UKR-000270;Yes;13 320
443035328;UKR-000270;Yes;6 660
443036065;;No;13 320
443036519;UKR-000270;Yes;26 640
443036646;UKR-000270;Yes;26 640
443038467;UKR-000270;Yes;6 660
443039047;UKR-000270;Yes;6 660
443040277;UKR-000270;Yes;6 660
443040693;UKR-000270;Yes;6 660
443041509;UKR-000270;Yes;6 660
443042409;UKR-000270;Yes;6 660
443043899;UKR-000270;Yes;6 660
443046768;UKR-000270;Yes;13 320
443046802;UKR-000270;Yes;13 320
443046858;UKR-000270;Yes;19 980
443046901;;No;0
443046945;;No;6 660
443046997;UKR-000270;Yes;6 660
443047035;UKR-000270;Yes;6 660
443048453;UKR-000270;Yes;6 660
443051300;UKR-000270;Yes;6 660
443053842;;No;13 320
443053998;UKR-000270;Yes;6 660
443055478;UKR-000270;Yes;6 660
443056168;;No;13 320
443057889;UKR-000270;Yes;13 320
443058145;UKR-000270;Yes;13 320
443059203;UKR-000270;Yes;19 980
443059264;UKR-000270;Yes;6 660
443060295;;No;13 320
443061906;UKR-000270;Yes;13 320
443062176;;No;13 320
443063887;;No;26 640
443064446;UKR-000270;Yes;6 660
443067233;UKR-000270;Yes;6 660
443067843;UKR-000270;Yes;13 320
443069923;UKR-000270;Yes;13 320
443070971;UKR-000270;Yes;13 320
443070979;UKR-000270;Yes;6 660
443070991;;No;6 660
443070998;UKR-000270;Yes;6 660
443071004;UKR-000270;Yes;13 320
443071013;UKR-000270;Yes;6 660
443071652;UKR-000270;Yes;13 320
443074021;UKR-000270;Yes;6 660
443075358;UKR-000270;Yes;6 660
443076869;UKR-000270;Yes;19 980
443077014;UKR-000270;Yes;6 660
443077888;UKR-000270;Yes;13 320
443081159;UKR-000270;Yes;6 660
443081973;UKR-000270;Yes;13 320
443083733;UKR-000270;Yes;6 660
443084485;UKR-000270;Yes;33 300
443085018;UKR-000270;Yes;13 320
443087241;UKR-000270;Yes;6 660
443098087;UKR-000270;Yes;6 660
443098093;UKR-000270;Yes;13 320
443098097;UKR-000270;Yes;26 640
443098105;UKR-000270;Yes;13 320
443098116;;No;6 660
443098124;UKR-000270;Yes;6 660
443098135;UKR-000270;Yes;13 320
443098145;;No;13 320
443098150;UKR-000270;Yes;6 660
443098157;UKR-000270;Yes;6 660
443098165;UKR-000270;Yes;19 980
443098176;UKR-000270;Yes;13 320
443098193;UKR-000270;Yes;6 660
443098200;UKR-000270;Yes;6 660
443098218;;No;6 660
443544209;UKR-000270;Yes;6 660
443546356;UKR-000270;Yes;6 660
444791834;UKR-000270;Yes;13 320
446159068;UKR-000270;Yes;19 980
446242052;UKR-000298;Yes;19 980
446254560;UKR-000298;Yes;19 980
448342409;UKR-000298;Yes;26 640
448344417;UKR-000298;Yes;13 320
448344577;UKR-000298;Yes;19 980
448346556;;No;13 320
448347175;UKR-000298;Yes;13 320
448349196;UKR-000298;Yes;13 320
448350538;UKR-000298;Yes;13 320
448350651;;No;6 660
448352695;UKR-000298;Yes;19 980
449105253;UKR-000270;Yes;6 660
449156226;UKR-000270;Yes;13 320
449183299;UKR-000270;Yes;13 320
451750904;UKR-000270;Yes;26 640
451751185;UKR-000270;Yes;6 660
451752997;UKR-000270;Yes;6 660
451753608;UKR-000270;Yes;26 640
451755026;UKR-000270;Yes;13 320
451756511;UKR-000270;Yes;6 660
451756718;;No;6 660
451759030;;No;33 300
451759032;UKR-000270;Yes;19 980
451762707;UKR-000270;Yes;33 300
451765352;UKR-000270;Yes;6 660
451766500;;No;13 320
451768547;;No;33 300
454223210;UKR-000270;Yes;6 660
454830260;;No;19 980
454830476;UKR-000270;Yes;19 980
455272221;UKR-000298;Yes;19 980
455276053;UKR-000298;Yes;19 980
455276799;UKR-000298;Yes;26 640
455283831;UKR-000298;Yes;6 660
455285855;UKR-000298;Yes;26 640
455286617;UKR-000298;Yes;6 660
455287969;UKR-000298;Yes;26 640
455288101;UKR-000298;Yes;19 980
455289932;UKR-000298;Yes;6 660
455290793;UKR-000298;Yes;6 660
455292120;UKR-000298;Yes;13 320
455294895;UKR-000298;Yes;26 640
455294993;UKR-000298;Yes;13 320
455298157;UKR-000298;Yes;26 640
455301561;UKR-000298;Yes;13 320
455302175;UKR-000298;Yes;19 980
455312671;UKR-000298;Yes;19 980
455325732;UKR-000298;Yes;13 320
455340550;UKR-000298;Yes;19 980
455343036;UKR-000298;Yes;13 320
455703380;;No;6 660
455703508;UKR-000298;Yes;6 660
455706116;UKR-000298;Yes;6 660
455708467;UKR-000298;Yes;6 660
455711241;UKR-000298;Yes;26 640
455713127;UKR-000298;Yes;13 320
455715352;UKR-000298;Yes;13 320
455717601;UKR-000298;Yes;19 980
455723582;UKR-000298;Yes;6 660
455726120;UKR-000298;Yes;26 640
455729525;UKR-000298;Yes;13 320
455733357;UKR-000298;Yes;19 980
455738050;UKR-000298;Yes;6 660
455742915;UKR-000298;Yes;26 640
455746264;UKR-000298;Yes;19 980
455748490;UKR-000298;Yes;13 320
457056137;UKR-000270;Yes;46 620
457058300;UKR-000270;Yes;26 640
457060530;;No;39 960
457061750;UKR-000270;Yes;13 320
457061943;UKR-000270;Yes;19 980
457064650;UKR-000270;Yes;26 640
457066544;UKR-000270;Yes;6 660
457068991;UKR-000270;Yes;6 660
457070429;UKR-000270;Yes;26 640
457071245;UKR-000270;Yes;13 320
457075350;UKR-000270;Yes;19 980
457076903;UKR-000270;Yes;6 660
457078794;UKR-000270;Yes;13 320
457080792;UKR-000270;Yes;13 320
457082862;;No;26 640
457085429;UKR-000270;Yes;6 660
457087775;UKR-000270;Yes;13 320
457089380;UKR-000270;Yes;6 660
457093694;UKR-000270;Yes;6 660
473775988;UKR-000298;Yes;6 660
473776539;UKR-000298;Yes;6 660
473776709;UKR-000298;Yes;13 320
473780964;UKR-000298;Yes;13 320
473782461;UKR-000298;Yes;6 660
473783014;UKR-000298;Yes;6 660
473785784;UKR-000298;Yes;13 320
473786124;UKR-000298;Yes;13 320
473786718;UKR-000298;Yes;13 320
473790259;UKR-000298;Yes;26 640
473790507;UKR-000298;Yes;13 320
473791053;UKR-000298;Yes;26 640
473793854;UKR-000298;Yes;13 320
473794510;UKR-000298;Yes;6 660
473795629;UKR-000298;Yes;13 320
473797335;UKR-000298;Yes;6 660
473799516;UKR-000298;Yes;6 660
473802060;UKR-000298;Yes;6 660
473802769;UKR-000298;Yes;6 660
473803568;UKR-000298;Yes;6 660
473809279;UKR-000298;Yes;6 660
473810208;UKR-000298;Yes;6 660
473812219;UKR-000298;No;6 660
473813672;UKR-000298;Yes;26 640
473817359;UKR-000298;Yes;6 660
473817376;UKR-000298;Yes;6 660
473819306;UKR-000298;Yes;33 300
474227614;UKR-000298;Yes;6 660
475964039;;No;13 320
475964511;;No;19 980
475964791;UKR-000298;Yes;6 660
475965399;;No;19 980
475966519;UKR-000298;Yes;19 980
475967264;UKR-000298;Yes;13 320
475968909;UKR-000298;Yes;13 320
475969003;UKR-000298;Yes;13 320
475969646;UKR-000298;Yes;6 660
475970053;UKR-000298;Yes;19 980
475971774;UKR-000298;Yes;6 660
475971801;;No;13 320
475972234;;No;19 980
475973629;UKR-000298;Yes;6 660
475974001;;No;13 320
475974022;;No;26 640
475974820;UKR-000298;Yes;6 660
475975429;UKR-000298;Yes;13 320
475977549;UKR-000298;Yes;26 640
475979058;UKR-000298;Yes;26 640
475979182;UKR-000298;Yes;13 320
475980499;UKR-000298;Yes;19 980
475980798;UKR-000298;Yes;6 660
475981868;UKR-000298;Yes;13 320
475981976;UKR-000298;Yes;19 980
475982220;UKR-000298;Yes;6 660
475983051;UKR-000298;Yes;19 980
475983192;UKR-000298;Yes;6 660
475984634;UKR-000298;Yes;6 660
475985037;UKR-000298;Yes;13 320
475985103;UKR-000298;Yes;6 660
475985203;;No;13 320
475986482;;No;13 320
475986547;UKR-000298;Yes;13 320
475987742;UKR-000298;Yes;13 320
475987851;UKR-000298;Yes;19 980
475989236;UKR-000298;Yes;6 660
475989826;;No;6 660
475990194;UKR-000298;Yes;6 660
475990468;UKR-000298;Yes;13 320
475990776;UKR-000298;Yes;6 660
475991511;;No;6 660
475991965;;No;19 980
475992081;UKR-000298;Yes;6 660
475993216;;No;6 660
475993784;;No;26 640
475994980;UKR-000298;Yes;13 320
475995073;UKR-000298;Yes;6 660
475995104;UKR-000298;Yes;39 960
475996149;UKR-000298;Yes;6 660
475997208;;No;19 980
475997734;UKR-000298;Yes;6 660
475998052;UKR-000298;Yes;19 980
475998729;UKR-000298;Yes;6 660
475998811;UKR-000298;Yes;19 980
475999617;;No;13 320
476000026;UKR-000298;Yes;13 320
476000704;UKR-000298;Yes;6 660
476001707;UKR-000298;No;19 980
476001843;UKR-000298;Yes;6 660
476003041;UKR-000298;Yes;26 640
476003194;;No;13 320
476003550;UKR-000298;Yes;13 320
476004607;UKR-000298;Yes;6 660
476004938;UKR-000298;Yes;13 320
476005486;UKR-000298;Yes;19 980
476006330;UKR-000298;Yes;26 640
476006859;UKR-000298;Yes;19 980
476009244;;No;6 660
476009858;UKR-000298;Yes;13 320
476009905;;No;19 980
476011960;UKR-000298;Yes;13 320
476012248;UKR-000298;Yes;6 660
476012478;UKR-000298;Yes;6 660
476014140;UKR-000298;Yes;19 980
476014427;UKR-000298;Yes;6 660
476016867;UKR-000298;Yes;13 320
476016914;;No;13 320
476017579;;No;19 980
476018237;UKR-000298;Yes;13 320
476018697;UKR-000298;Yes;6 660
476018849;UKR-000298;Yes;6 660
476019224;;No;6 660
476020195;UKR-000298;Yes;13 320
476020740;UKR-000298;Yes;13 320
476022652;;No;6 660
476022780;UKR-000298;Yes;19 980
476023833;;No;13 320
476024995;UKR-000298;Yes;6 660
476025005;UKR-000298;Yes;6 660
476025902;UKR-000298;Yes;26 640
476026555;UKR-000298;Yes;6 660
476027109;;No;19 980
476028247;UKR-000298;Yes;19 980
476028810;UKR-000298;Yes;13 320
476029005;UKR-000298;Yes;13 320
476029870;UKR-000298;Yes;26 640
476030568;UKR-000298;Yes;26 640
476031026;;No;13 320
476033086;UKR-000298;Yes;6 660
476043168;UKR-000298;Yes;19 980
476044505;UKR-000298;Yes;13 320
476045887;;No;19 980
476048590;UKR-000298;Yes;19 980
476048872;UKR-000298;Yes;13 320
476049972;UKR-000298;Yes;13 320
476050120;UKR-000298;Yes;6 660
476050178;UKR-000298;Yes;26 640
476050988;UKR-000298;Yes;19 980
476052345;UKR-000298;Yes;6 660
476053864;;No;19 980
476054881;UKR-000298;Yes;6 660
476055131;UKR-000298;Yes;19 980
476056425;UKR-000298;Yes;6 660
476057538;UKR-000298;Yes;13 320
476058136;;No;19 980
476059474;;No;19 980
476060203;UKR-000298;Yes;13 320
476063451;UKR-000298;Yes;13 320
476065537;UKR-000298;Yes;19 980
476066132;UKR-000298;Yes;13 320
476067614;UKR-000298;Yes;13 320
476067992;;No;13 320
476068751;UKR-000298;Yes;19 980
476070540;UKR-000298;Yes;26 640
476366398;UKR-000298;Yes;26 640
476366942;UKR-000298;Yes;19 980
476366947;UKR-000298;Yes;26 640
476367718;;No;6 660
476369158;UKR-000298;Yes;13 320
476369254;UKR-000298;Yes;6 660
476369713;UKR-000298;Yes;13 320
476371220;UKR-000298;Yes;13 320
476371356;;No;6 660
476371752;UKR-000298;Yes;6 660
476372478;UKR-000298;Yes;13 320
476373575;;No;6 660
476373826;UKR-000298;Yes;19 980
476374091;UKR-000298;Yes;13 320
476375162;UKR-000298;Yes;6 660
476375550;UKR-000298;Yes;6 660
476376438;UKR-000298;Yes;13 320
476377427;UKR-000298;Yes;6 660
476378700;;No;13 320
476378723;UKR-000298;Yes;6 660
476378947;;No;6 660
476379957;;No;6 660
476380641;UKR-000298;Yes;6 660
476380889;UKR-000298;Yes;13 320
476381140;UKR-000298;Yes;19 980
476382165;UKR-000298;Yes;13 320
476382182;UKR-000298;Yes;13 320
476383159;UKR-000298;Yes;13 320
476383187;UKR-000298;Yes;13 320
476383840;UKR-000298;Yes;6 660
476384013;UKR-000298;Yes;6 660
476385433;UKR-000298;Yes;6 660
476385551;UKR-000298;Yes;6 660
476386178;UKR-000298;Yes;6 660
476387709;UKR-000298;Yes;19 980
476387721;UKR-000298;Yes;6 660
476387884;;No;19 980
476389613;;No;6 660
476389881;UKR-000298;Yes;6 660
476390432;UKR-000298;Yes;33 300
476391264;UKR-000298;Yes;6 660
476391891;UKR-000298;Yes;13 320
476392675;UKR-000298;Yes;13 320
476392736;UKR-000298;Yes;6 660
476393968;UKR-000298;Yes;6 660
476394184;;No;33 300
476394944;;No;6 660
476395460;UKR-000298;Yes;19 980
476396284;UKR-000298;Yes;19 980
476396712;UKR-000298;Yes;6 660
476397248;;No;6 660
476398195;UKR-000298;Yes;19 980
476398718;UKR-000298;Yes;13 320
476399453;;No;6 660
476400133;UKR-000298;Yes;6 660
476400694;UKR-000298;Yes;13 320
476400765;UKR-000298;Yes;26 640
476401823;UKR-000298;Yes;6 660
476402840;;No;26 640
476402947;UKR-000298;Yes;13 320
476403574;;No;19 980
476404396;;No;6 660
476406303;UKR-000298;Yes;6 660
476406503;UKR-000298;Yes;13 320
476407907;UKR-000298;Yes;6 660
476408175;;No;13 320
476408256;UKR-000298;Yes;13 320
476409788;UKR-000298;Yes;13 320
476409837;UKR-000298;Yes;13 320
476410283;UKR-000298;Yes;13 320
476411449;UKR-000298;Yes;19 980
476412463;;No;6 660
476412792;UKR-000298;Yes;6 660
476412851;UKR-000298;Yes;13 320
476413702;UKR-000298;Yes;6 660
476414587;UKR-000298;Yes;26 640
476414963;UKR-000298;Yes;6 660
476415804;;No;19 980
476423888;;No;13 320
476424298;UKR-000298;Yes;13 320
476424820;UKR-000298;Yes;19 980
476425124;UKR-000298;Yes;19 980
476426008;UKR-000298;Yes;6 660
464334908;UKR-000298;Yes;13 320
464346868;UKR-000298;Yes;26 640
464414119;UKR-000298;Yes;19 980
466351063;UKR-000298;Yes;6 660
466354734;UKR-000298;Yes;33 300
478349269;UKR-000298;Yes;11 100
478350958;UKR-000298;Yes;19 980
483611879;UKR-000298;Yes;6 660
483612736;UKR-000298;Yes;19 980
483616615;UKR-000298;Yes;26 640
483621906;UKR-000298;Yes;13 320
483629774;UKR-000298;Yes;19 980
483959430;UKR-000298;Yes;13 320
483964222;UKR-000298;Yes;19 980
484071274;UKR-000298;Yes;19 980
483603166;UKR-000298;Yes;32 400
485372367;UKR-000298;Yes;21 600
485374547;UKR-000298;Yes;21 600
493397414;UKR-000298;Yes;43 200
493398562;UKR-000298;Yes;21 600
493399497;UKR-000298;Yes;10 800
493401418;UKR-000298;Yes;43 200
493402229;UKR-000298;Yes;10 800
493403472;;No;21 600
493405687;UKR-000298;Yes;7 200
493405721;UKR-000298;Yes;21 600
493408209;UKR-000298;Yes;21 600
493409958;UKR-000298;Yes;43 200
493410297;UKR-000298;Yes;43 200
493413205;UKR-000298;Yes;10 800
493413984;UKR-000298;Yes;32 400
493415826;UKR-000298;Yes;43 200
493417691;UKR-000298;Yes;43 200
493417848;UKR-000298;Yes;32 400
494896752;UKR-000298;Yes;32 400
494896819;UKR-000298;Yes;21 600
494896967;UKR-000298;Yes;10 800
494897152;UKR-000298;Yes;21 600
494897337;UKR-000298;Yes;10 800
494898170;UKR-000298;Yes;32 400
494898265;UKR-000298;No;75 600
494898466;UKR-000298;No;10 800
494898888;UKR-000298;No;21 600
494899340;UKR-000298;No;32 400
494899341;UKR-000298;No;10 800
494899583;UKR-000298;No;43 200
494900371;UKR-000298;No;10 800
494900940;UKR-000298;No;21 600
494901085;UKR-000298;No;21 600
494902583;UKR-000298;No;10 800
494902659;UKR-000298;No;10 800
494902693;UKR-000298;No;21 600
494903006;UKR-000298;No;32 400
494903384;UKR-000298;No;10 800
494903812;UKR-000298;No;10 800
494904047;UKR-000298;No;32 400
494904560;UKR-000298;No;10 800
494904878;UKR-000298;No;21 600
494905305;UKR-000298;No;10 800
494906510;UKR-000298;No;10 800
494906695;UKR-000298;No;10 800
494907050;UKR-000298;No;10 800
494907162;UKR-000298;No;10 800
494908042;UKR-000298;No;21 600
494908226;UKR-000298;No;10 800
494908328;UKR-000298;No;32 400
494908698;UKR-000298;No;21 600
494909035;UKR-000298;No;21 600
494909561;UKR-000298;No;21 600
494909903;UKR-000298;No;21 600
494910355;UKR-000298;No;10 800
494910434;UKR-000298;No;10 800
494910580;UKR-000298;No;21 600
494911663;UKR-000298;No;10 800
494911685;UKR-000298;No;32 400
494911736;UKR-000298;No;43 200
494912049;UKR-000298;No;54 000
494912596;UKR-000298;No;10 800
494913299;UKR-000298;No;32 400
494913515;UKR-000298;No;21 600
494914431;UKR-000298;No;32 400
494915097;UKR-000298;No;21 600
494915226;UKR-000298;No;43 200
494915387;UKR-000298;No;32 400
494916110;UKR-000298;No;21 600
494916128;UKR-000298;No;32 400
494917503;UKR-000298;No;10 800
494917562;UKR-000298;No;32 400
494917694;UKR-000298;No;10 800
494918562;UKR-000298;No;10 800
494918697;UKR-000298;No;32 400
494919104;UKR-000298;No;43 200
494919370;UKR-000298;No;21 600
494919746;UKR-000298;No;10 800
494919790;UKR-000298;No;10 800
494920249;UKR-000298;No;21 600
494920261;UKR-000298;No;10 800
494920796;UKR-000298;No;21 600
494921828;UKR-000298;No;21 600
494921849;UKR-000298;No;32 400
494922315;UKR-000298;No;21 600
494922693;UKR-000298;No;21 600
494923088;UKR-000298;No;32 400
494923174;UKR-000298;No;10 800
494924051;UKR-000298;No;10 800
494924799;UKR-000298;No;21 600
494925293;UKR-000298;No;32 400
494925681;UKR-000298;No;10 800
494926383;UKR-000298;No;21 600
494927237;UKR-000298;No;10 800
494928362;UKR-000298;No;21 600
495277377;UKR-000298;No;64 800
495279128;UKR-000298;No;54 000
495367325;UKR-000298;No;10 800
495369364;UKR-000298;No;32 400